Dependencia,Codigo,CodObjeto,Naturaleza,Objeto,Período,Cantidad,Objeto-Desc - Tipo_Expte
CAMARA FEDERAL DE LA SEGURIDAD SOCIAL - SALA 1-,DEX,A,P,JUBILACION Y RETIRO POR INVALIDEZ,202004,2,A - JUBILACION Y RETIRO POR INVALIDEZ
CAMARA FEDERAL DE LA SEGURIDAD SOCIAL - SALA 1-,DEX,ARH,P,ACUERDO TRANSACCIONAL,202004,1,ARH - ACUERDO TRANSACCIONAL
CAMARA FEDERAL DE LA SEGURIDAD SOCIAL - SALA 1-,DEX,B,P,"RETIRO POR INVALIDEZ (ART 49 P.4. LEY 24,241)",202004,10,"B - RETIRO POR INVALIDEZ (ART 49 P.4. LEY 24,241)"
CAMARA FEDERAL DE LA SEGURIDAD SOCIAL - SALA 1-,DEX,C,P,PRESTACIONES VARIAS,202004,2,C - PRESTACIONES VARIAS
CAMARA FEDERAL DE LA SEGURIDAD SOCIAL - SALA 1-,DEX,11,P,REAJUSTES VARIOS,202004,1334,11 - REAJUSTES VARIOS
CAMARA FEDERAL DE LA SEGURIDAD SOCIAL - SALA 1-,DEX,12,P,OTROS - PREVISIONALES,202004,1,12 - OTROS - PREVISIONALES
CAMARA FEDERAL DE LA SEGURIDAD SOCIAL - SALA 1-,DEX,12B,P,NULIDAD DE ACTO ADMINISTRATIVO,202004,1,12B - NULIDAD DE ACTO ADMINISTRATIVO
CAMARA FEDERAL DE LA SEGURIDAD SOCIAL - SALA 1-,DEX,12D,P,RENTA VITALICIA,202004,2,12D - RENTA VITALICIA
CAMARA FEDERAL DE LA SEGURIDAD SOCIAL - SALA 1-,DEX,13,P,AMPAROS Y SUMARISIMOS,202004,7,13 - AMPAROS Y SUMARISIMOS
CAMARA FEDERAL DE LA SEGURIDAD SOCIAL - SALA 1-,DEX,17,P,PERSONAL MILITAR Y CIVIL DE LAS FFAA Y DE SEG,202004,637,17 - PERSONAL MILITAR Y CIVIL DE LAS FFAA Y DE SEG
CAMARA FEDERAL DE LA SEGURIDAD SOCIAL - SALA 1-,DEX,3,P,PENSIONES,202004,6,3 - PENSIONES
CAMARA FEDERAL DE LA SEGURIDAD SOCIAL - SALA 1-,DEX,38,P,COBRO DE PESOS,202004,4,38 - COBRO DE PESOS
CAMARA FEDERAL DE LA SEGURIDAD SOCIAL - SALA 1-,DEX,40,P,INCONSTITUCIONALIDADES VARIAS,202004,5,40 - INCONSTITUCIONALIDADES VARIAS
CAMARA FEDERAL DE LA SEGURIDAD SOCIAL - SALA 1-,DEX,8,P,IMPUGNACION DE DEUDA,202004,1,8 - IMPUGNACION DE DEUDA
CAMARA FEDERAL DE LA SEGURIDAD SOCIAL - SALA 1-,NTF,11,P,REAJUSTES VARIOS,202004,1,11 - REAJUSTES VARIOS
CAMARA FEDERAL DE LA SEGURIDAD SOCIAL - SALA 2-,COR,11,P,REAJUSTES VARIOS,202004,1,11 - REAJUSTES VARIOS
CAMARA FEDERAL DE LA SEGURIDAD SOCIAL - SALA 2-,DEX,B,P,"RETIRO POR INVALIDEZ (ART 49 P.4. LEY 24,241)",202004,2,"B - RETIRO POR INVALIDEZ (ART 49 P.4. LEY 24,241)"
CAMARA FEDERAL DE LA SEGURIDAD SOCIAL - SALA 2-,DEX,11,P,REAJUSTES VARIOS,202004,129,11 - REAJUSTES VARIOS
CAMARA FEDERAL DE LA SEGURIDAD SOCIAL - SALA 2-,DEX,13,P,AMPAROS Y SUMARISIMOS,202004,3,13 - AMPAROS Y SUMARISIMOS
CAMARA FEDERAL DE LA SEGURIDAD SOCIAL - SALA 2-,DEX,17,P,PERSONAL MILITAR Y CIVIL DE LAS FFAA Y DE SEG,202004,27,17 - PERSONAL MILITAR Y CIVIL DE LAS FFAA Y DE SEG
CAMARA FEDERAL DE LA SEGURIDAD SOCIAL - SALA 2-,DEX,3,P,PENSIONES,202004,1,3 - PENSIONES
CAMARA FEDERAL DE LA SEGURIDAD SOCIAL - SALA 2-,LET,11,P,REAJUSTES VARIOS,202004,1,11 - REAJUSTES VARIOS
CAMARA FEDERAL DE LA SEGURIDAD SOCIAL - SALA 2-,WCF,17,P,PERSONAL MILITAR Y CIVIL DE LAS FFAA Y DE SEG,202004,1,17 - PERSONAL MILITAR Y CIVIL DE LAS FFAA Y DE SEG
CAMARA FEDERAL DE LA SEGURIDAD SOCIAL - SALA 3-,ASE,11,P,REAJUSTES VARIOS,202004,202,11 - REAJUSTES VARIOS
CAMARA FEDERAL DE LA SEGURIDAD SOCIAL - SALA 3-,ASE,17,P,PERSONAL MILITAR Y CIVIL DE LAS FFAA Y DE SEG,202004,36,17 - PERSONAL MILITAR Y CIVIL DE LAS FFAA Y DE SEG
CAMARA FEDERAL DE LA SEGURIDAD SOCIAL - SALA 3-,ASE,3,P,PENSIONES,202004,2,3 - PENSIONES
CAMARA FEDERAL DE LA SEGURIDAD SOCIAL - SALA 3-,DEX,ARH,I,ACUERDO TRANSACCIONAL,202004,80,ARH - ACUERDO TRANSACCIONAL (INDICENTE)
CAMARA FEDERAL DE LA SEGURIDAD SOCIAL - SALA 3-,DEX,ARH,P,ACUERDO TRANSACCIONAL,202004,3,ARH - ACUERDO TRANSACCIONAL
CAMARA FEDERAL DE LA SEGURIDAD SOCIAL - SALA 3-,DEX,B,P,"RETIRO POR INVALIDEZ (ART 49 P.4. LEY 24,241)",202004,1,"B - RETIRO POR INVALIDEZ (ART 49 P.4. LEY 24,241)"
CAMARA FEDERAL DE LA SEGURIDAD SOCIAL - SALA 3-,DEX,11,P,REAJUSTES VARIOS,202004,227,11 - REAJUSTES VARIOS
CAMARA FEDERAL DE LA SEGURIDAD SOCIAL - SALA 3-,DEX,17,P,PERSONAL MILITAR Y CIVIL DE LAS FFAA Y DE SEG,202004,40,17 - PERSONAL MILITAR Y CIVIL DE LAS FFAA Y DE SEG
CAMARA FEDERAL DE LA SEGURIDAD SOCIAL - SALA 3-,DEX,3,P,PENSIONES,202004,2,3 - PENSIONES
CAMARA FEDERAL DE LA SEGURIDAD SOCIAL - SALA 3-,PAS,ARH,I,ACUERDO TRANSACCIONAL,202004,1,ARH - ACUERDO TRANSACCIONAL (INDICENTE)
CAMARA FEDERAL DE LA SEGURIDAD SOCIAL - SALA 3-,PAS,11,P,REAJUSTES VARIOS,202004,202,11 - REAJUSTES VARIOS
CAMARA FEDERAL DE LA SEGURIDAD SOCIAL - SALA 3-,PAS,17,P,PERSONAL MILITAR Y CIVIL DE LAS FFAA Y DE SEG,202004,37,17 - PERSONAL MILITAR Y CIVIL DE LAS FFAA Y DE SEG
CAMARA FEDERAL DE LA SEGURIDAD SOCIAL - SALA 3-,PAS,3,P,PENSIONES,202004,2,3 - PENSIONES
CAMARA FEDERAL DE LA SEGURIDAD SOCIAL - SALA 3-,WA2,11,P,REAJUSTES VARIOS,202004,2,11 - REAJUSTES VARIOS
JUZGADO FEDERAL DE LA SEGURIDAD SOCIAL 1-,DEX,ARH,P,ACUERDO TRANSACCIONAL,202004,2,ARH - ACUERDO TRANSACCIONAL
JUZGADO FEDERAL DE LA SEGURIDAD SOCIAL 1-,DEX,17,P,PERSONAL MILITAR Y CIVIL DE LAS FFAA Y DE SEG,202004,1,17 - PERSONAL MILITAR Y CIVIL DE LAS FFAA Y DE SEG
JUZGADO FEDERAL DE LA SEGURIDAD SOCIAL 1-,WF6,ARH,P,ACUERDO TRANSACCIONAL,202004,1,ARH - ACUERDO TRANSACCIONAL
JUZGADO FEDERAL DE LA SEGURIDAD SOCIAL 1-JUZGADO FEDERAL DE LA SEGURIDAD SOCIAL 1 - SECRETARIA Nº 1,ARC,11,P,REAJUSTES VARIOS,202004,5,11 - REAJUSTES VARIOS
JUZGADO FEDERAL DE LA SEGURIDAD SOCIAL 1-JUZGADO FEDERAL DE LA SEGURIDAD SOCIAL 1 - SECRETARIA Nº 1,COM,11,P,REAJUSTES VARIOS,202004,6,11 - REAJUSTES VARIOS
JUZGADO FEDERAL DE LA SEGURIDAD SOCIAL 1-JUZGADO FEDERAL DE LA SEGURIDAD SOCIAL 1 - SECRETARIA Nº 1,COR,ARH,I,ACUERDO TRANSACCIONAL,202004,1,ARH - ACUERDO TRANSACCIONAL (INDICENTE)
JUZGADO FEDERAL DE LA SEGURIDAD SOCIAL 1-JUZGADO FEDERAL DE LA SEGURIDAD SOCIAL 1 - SECRETARIA Nº 1,COR,ARH,P,ACUERDO TRANSACCIONAL,202004,3,ARH - ACUERDO TRANSACCIONAL
JUZGADO FEDERAL DE LA SEGURIDAD SOCIAL 1-JUZGADO FEDERAL DE LA SEGURIDAD SOCIAL 1 - SECRETARIA Nº 1,COR,11,P,REAJUSTES VARIOS,202004,7,11 - REAJUSTES VARIOS
JUZGADO FEDERAL DE LA SEGURIDAD SOCIAL 1-JUZGADO FEDERAL DE LA SEGURIDAD SOCIAL 1 - SECRETARIA Nº 1,DEX,ARH,I,ACUERDO TRANSACCIONAL,202004,14,ARH - ACUERDO TRANSACCIONAL (INDICENTE)
JUZGADO FEDERAL DE LA SEGURIDAD SOCIAL 1-JUZGADO FEDERAL DE LA SEGURIDAD SOCIAL 1 - SECRETARIA Nº 1,DEX,ARH,P,ACUERDO TRANSACCIONAL,202004,16,ARH - ACUERDO TRANSACCIONAL
JUZGADO FEDERAL DE LA SEGURIDAD SOCIAL 1-JUZGADO FEDERAL DE LA SEGURIDAD SOCIAL 1 - SECRETARIA Nº 1,DEX,C,P,PRESTACIONES VARIAS,202004,2,C - PRESTACIONES VARIAS
JUZGADO FEDERAL DE LA SEGURIDAD SOCIAL 1-JUZGADO FEDERAL DE LA SEGURIDAD SOCIAL 1 - SECRETARIA Nº 1,DEX,11,P,REAJUSTES VARIOS,202004,284,11 - REAJUSTES VARIOS
JUZGADO FEDERAL DE LA SEGURIDAD SOCIAL 1-JUZGADO FEDERAL DE LA SEGURIDAD SOCIAL 1 - SECRETARIA Nº 1,DEX,12B,P,NULIDAD DE ACTO ADMINISTRATIVO,202004,1,12B - NULIDAD DE ACTO ADMINISTRATIVO
JUZGADO FEDERAL DE LA SEGURIDAD SOCIAL 1-JUZGADO FEDERAL DE LA SEGURIDAD SOCIAL 1 - SECRETARIA Nº 1,DEX,13,P,AMPAROS Y SUMARISIMOS,202004,22,13 - AMPAROS Y SUMARISIMOS
JUZGADO FEDERAL DE LA SEGURIDAD SOCIAL 1-JUZGADO FEDERAL DE LA SEGURIDAD SOCIAL 1 - SECRETARIA Nº 1,DEX,15,P,EJECUCION PREVISIONAL,202004,18,15 - EJECUCION PREVISIONAL
JUZGADO FEDERAL DE LA SEGURIDAD SOCIAL 1-JUZGADO FEDERAL DE LA SEGURIDAD SOCIAL 1 - SECRETARIA Nº 1,DEX,17,P,PERSONAL MILITAR Y CIVIL DE LAS FFAA Y DE SEG,202004,136,17 - PERSONAL MILITAR Y CIVIL DE LAS FFAA Y DE SEG
JUZGADO FEDERAL DE LA SEGURIDAD SOCIAL 1-JUZGADO FEDERAL DE LA SEGURIDAD SOCIAL 1 - SECRETARIA Nº 1,DEX,3,P,PENSIONES,202004,8,3 - PENSIONES
JUZGADO FEDERAL DE LA SEGURIDAD SOCIAL 1-JUZGADO FEDERAL DE LA SEGURIDAD SOCIAL 1 - SECRETARIA Nº 1,DEX,37,P,ACCION MERAMENTE DECLARATIVA,202004,1,37 - ACCION MERAMENTE DECLARATIVA
JUZGADO FEDERAL DE LA SEGURIDAD SOCIAL 1-JUZGADO FEDERAL DE LA SEGURIDAD SOCIAL 1 - SECRETARIA Nº 1,DEX,40,P,INCONSTITUCIONALIDADES VARIAS,202004,3,40 - INCONSTITUCIONALIDADES VARIAS
JUZGADO FEDERAL DE LA SEGURIDAD SOCIAL 1-JUZGADO FEDERAL DE LA SEGURIDAD SOCIAL 1 - SECRETARIA Nº 1,ELE,11,P,REAJUSTES VARIOS,202004,3,11 - REAJUSTES VARIOS
JUZGADO FEDERAL DE LA SEGURIDAD SOCIAL 1-JUZGADO FEDERAL DE LA SEGURIDAD SOCIAL 1 - SECRETARIA Nº 1,ELE,14,I,MEDIDAS CAUTELARES,202004,1,14 - MEDIDAS CAUTELARES
JUZGADO FEDERAL DE LA SEGURIDAD SOCIAL 1-JUZGADO FEDERAL DE LA SEGURIDAD SOCIAL 1 - SECRETARIA Nº 1,LET,11,P,REAJUSTES VARIOS,202004,131,11 - REAJUSTES VARIOS
JUZGADO FEDERAL DE LA SEGURIDAD SOCIAL 1-JUZGADO FEDERAL DE LA SEGURIDAD SOCIAL 1 - SECRETARIA Nº 1,LET,13,P,AMPAROS Y SUMARISIMOS,202004,9,13 - AMPAROS Y SUMARISIMOS
JUZGADO FEDERAL DE LA SEGURIDAD SOCIAL 1-JUZGADO FEDERAL DE LA SEGURIDAD SOCIAL 1 - SECRETARIA Nº 1,LET,15,P,EJECUCION PREVISIONAL,202004,8,15 - EJECUCION PREVISIONAL
JUZGADO FEDERAL DE LA SEGURIDAD SOCIAL 1-JUZGADO FEDERAL DE LA SEGURIDAD SOCIAL 1 - SECRETARIA Nº 1,LET,17,P,PERSONAL MILITAR Y CIVIL DE LAS FFAA Y DE SEG,202004,20,17 - PERSONAL MILITAR Y CIVIL DE LAS FFAA Y DE SEG
JUZGADO FEDERAL DE LA SEGURIDAD SOCIAL 1-JUZGADO FEDERAL DE LA SEGURIDAD SOCIAL 1 - SECRETARIA Nº 1,NTF,11,P,REAJUSTES VARIOS,202004,91,11 - REAJUSTES VARIOS
JUZGADO FEDERAL DE LA SEGURIDAD SOCIAL 1-JUZGADO FEDERAL DE LA SEGURIDAD SOCIAL 1 - SECRETARIA Nº 1,NTF,13,P,AMPAROS Y SUMARISIMOS,202004,6,13 - AMPAROS Y SUMARISIMOS
JUZGADO FEDERAL DE LA SEGURIDAD SOCIAL 1-JUZGADO FEDERAL DE LA SEGURIDAD SOCIAL 1 - SECRETARIA Nº 1,NTF,15,P,EJECUCION PREVISIONAL,202004,5,15 - EJECUCION PREVISIONAL
JUZGADO FEDERAL DE LA SEGURIDAD SOCIAL 1-JUZGADO FEDERAL DE LA SEGURIDAD SOCIAL 1 - SECRETARIA Nº 1,NTF,17,P,PERSONAL MILITAR Y CIVIL DE LAS FFAA Y DE SEG,202004,17,17 - PERSONAL MILITAR Y CIVIL DE LAS FFAA Y DE SEG
JUZGADO FEDERAL DE LA SEGURIDAD SOCIAL 1-JUZGADO FEDERAL DE LA SEGURIDAD SOCIAL 1 - SECRETARIA Nº 1,PAS,11,P,REAJUSTES VARIOS,202004,3,11 - REAJUSTES VARIOS
JUZGADO FEDERAL DE LA SEGURIDAD SOCIAL 1-JUZGADO FEDERAL DE LA SEGURIDAD SOCIAL 1 - SECRETARIA Nº 1,WCF,11,P,REAJUSTES VARIOS,202004,102,11 - REAJUSTES VARIOS
JUZGADO FEDERAL DE LA SEGURIDAD SOCIAL 1-JUZGADO FEDERAL DE LA SEGURIDAD SOCIAL 1 - SECRETARIA Nº 1,WCF,13,P,AMPAROS Y SUMARISIMOS,202004,5,13 - AMPAROS Y SUMARISIMOS
JUZGADO FEDERAL DE LA SEGURIDAD SOCIAL 1-JUZGADO FEDERAL DE LA SEGURIDAD SOCIAL 1 - SECRETARIA Nº 1,WCF,15,P,EJECUCION PREVISIONAL,202004,7,15 - EJECUCION PREVISIONAL
JUZGADO FEDERAL DE LA SEGURIDAD SOCIAL 1-JUZGADO FEDERAL DE LA SEGURIDAD SOCIAL 1 - SECRETARIA Nº 1,WCF,17,P,PERSONAL MILITAR Y CIVIL DE LAS FFAA Y DE SEG,202004,82,17 - PERSONAL MILITAR Y CIVIL DE LAS FFAA Y DE SEG
JUZGADO FEDERAL DE LA SEGURIDAD SOCIAL 1-JUZGADO FEDERAL DE LA SEGURIDAD SOCIAL 1 - SECRETARIA Nº 1,WCF,37,P,ACCION MERAMENTE DECLARATIVA,202004,1,37 - ACCION MERAMENTE DECLARATIVA
JUZGADO FEDERAL DE LA SEGURIDAD SOCIAL 1-JUZGADO FEDERAL DE LA SEGURIDAD SOCIAL 1 - SECRETARIA Nº 1,WCF,40,P,INCONSTITUCIONALIDADES VARIAS,202004,1,40 - INCONSTITUCIONALIDADES VARIAS
JUZGADO FEDERAL DE LA SEGURIDAD SOCIAL 1-JUZGADO FEDERAL DE LA SEGURIDAD SOCIAL 1 - SECRETARIA Nº 1,WDG,ARH,I,ACUERDO TRANSACCIONAL,202004,1,ARH - ACUERDO TRANSACCIONAL (INDICENTE)
JUZGADO FEDERAL DE LA SEGURIDAD SOCIAL 1-JUZGADO FEDERAL DE LA SEGURIDAD SOCIAL 1 - SECRETARIA Nº 1,WF5,ARH,I,ACUERDO TRANSACCIONAL,202004,1,ARH - ACUERDO TRANSACCIONAL (INDICENTE)
JUZGADO FEDERAL DE LA SEGURIDAD SOCIAL 1-JUZGADO FEDERAL DE LA SEGURIDAD SOCIAL 1 - SECRETARIA Nº 1,WF5,ARH,P,ACUERDO TRANSACCIONAL,202004,2,ARH - ACUERDO TRANSACCIONAL
JUZGADO FEDERAL DE LA SEGURIDAD SOCIAL 1-JUZGADO FEDERAL DE LA SEGURIDAD SOCIAL 1 - SECRETARIA Nº 1,WF6,ARH,I,ACUERDO TRANSACCIONAL,202004,15,ARH - ACUERDO TRANSACCIONAL (INDICENTE)
JUZGADO FEDERAL DE LA SEGURIDAD SOCIAL 1-JUZGADO FEDERAL DE LA SEGURIDAD SOCIAL 1 - SECRETARIA Nº 1,WF6,ARH,P,ACUERDO TRANSACCIONAL,202004,18,ARH - ACUERDO TRANSACCIONAL
JUZGADO FEDERAL DE LA SEGURIDAD SOCIAL 1-JUZGADO FEDERAL DE LA SEGURIDAD SOCIAL 1 - SECRETARIA Nº 1,WF8,11,P,REAJUSTES VARIOS,202004,26,11 - REAJUSTES VARIOS
JUZGADO FEDERAL DE LA SEGURIDAD SOCIAL 1-JUZGADO FEDERAL DE LA SEGURIDAD SOCIAL 1 - SECRETARIA Nº 1,WF8,13,P,AMPAROS Y SUMARISIMOS,202004,2,13 - AMPAROS Y SUMARISIMOS
JUZGADO FEDERAL DE LA SEGURIDAD SOCIAL 1-JUZGADO FEDERAL DE LA SEGURIDAD SOCIAL 1 - SECRETARIA Nº 1,WF8,15,P,EJECUCION PREVISIONAL,202004,3,15 - EJECUCION PREVISIONAL
JUZGADO FEDERAL DE LA SEGURIDAD SOCIAL 1-JUZGADO FEDERAL DE LA SEGURIDAD SOCIAL 1 - SECRETARIA Nº 1,WF8,17,P,PERSONAL MILITAR Y CIVIL DE LAS FFAA Y DE SEG,202004,27,17 - PERSONAL MILITAR Y CIVIL DE LAS FFAA Y DE SEG
JUZGADO FEDERAL DE LA SEGURIDAD SOCIAL 1-JUZGADO FEDERAL DE LA SEGURIDAD SOCIAL 1 - SECRETARIA Nº 2,COM,16,P,EJECUCION FISCAL,202004,1,16 - EJECUCION FISCAL
JUZGADO FEDERAL DE LA SEGURIDAD SOCIAL 1-JUZGADO FEDERAL DE LA SEGURIDAD SOCIAL 1 - SECRETARIA Nº 2,DEX,16,P,EJECUCION FISCAL,202004,198,16 - EJECUCION FISCAL
JUZGADO FEDERAL DE LA SEGURIDAD SOCIAL 1-JUZGADO FEDERAL DE LA SEGURIDAD SOCIAL 1 - SECRETARIA Nº 2,DEX,16A,P,EJECUCION FISCAL MINISTERIO DE TRABAJO,202004,20,16A - EJECUCION FISCAL MINISTERIO DE TRABAJO
JUZGADO FEDERAL DE LA SEGURIDAD SOCIAL 1-JUZGADO FEDERAL DE LA SEGURIDAD SOCIAL 1 - SECRETARIA Nº 2,DEX,16B,P,EJECUCION FISCAL DEL RENATRE,202004,4,16B - EJECUCION FISCAL DEL RENATRE
JUZGADO FEDERAL DE LA SEGURIDAD SOCIAL 1-JUZGADO FEDERAL DE LA SEGURIDAD SOCIAL 1 - SECRETARIA Nº 2,DEX,19A,P,EJECUCION LEY 23660,202004,52,19A - EJECUCION LEY 23660
JUZGADO FEDERAL DE LA SEGURIDAD SOCIAL 1-JUZGADO FEDERAL DE LA SEGURIDAD SOCIAL 1 - SECRETARIA Nº 2,DPS,16,P,EJECUCION FISCAL,202004,6,16 - EJECUCION FISCAL
JUZGADO FEDERAL DE LA SEGURIDAD SOCIAL 1-JUZGADO FEDERAL DE LA SEGURIDAD SOCIAL 1 - SECRETARIA Nº 2,DPS,16A,P,EJECUCION FISCAL MINISTERIO DE TRABAJO,202004,1,16A - EJECUCION FISCAL MINISTERIO DE TRABAJO
JUZGADO FEDERAL DE LA SEGURIDAD SOCIAL 1-JUZGADO FEDERAL DE LA SEGURIDAD SOCIAL 1 - SECRETARIA Nº 2,LET,16,P,EJECUCION FISCAL,202004,3,16 - EJECUCION FISCAL
JUZGADO FEDERAL DE LA SEGURIDAD SOCIAL 1-JUZGADO FEDERAL DE LA SEGURIDAD SOCIAL 1 - SECRETARIA Nº 2,LET,19A,P,EJECUCION LEY 23660,202004,5,19A - EJECUCION LEY 23660
JUZGADO FEDERAL DE LA SEGURIDAD SOCIAL 1-JUZGADO FEDERAL DE LA SEGURIDAD SOCIAL 1 - SECRETARIA Nº 2,NTF,16,P,EJECUCION FISCAL,202004,2,16 - EJECUCION FISCAL
JUZGADO FEDERAL DE LA SEGURIDAD SOCIAL 1-JUZGADO FEDERAL DE LA SEGURIDAD SOCIAL 1 - SECRETARIA Nº 2,NTF,19A,P,EJECUCION LEY 23660,202004,4,19A - EJECUCION LEY 23660
JUZGADO FEDERAL DE LA SEGURIDAD SOCIAL 1-JUZGADO FEDERAL DE LA SEGURIDAD SOCIAL 1 - SECRETARIA Nº 2,WCF,16,P,EJECUCION FISCAL,202004,10,16 - EJECUCION FISCAL
JUZGADO FEDERAL DE LA SEGURIDAD SOCIAL 1-JUZGADO FEDERAL DE LA SEGURIDAD SOCIAL 1 - SECRETARIA Nº 2,WCF,16A,P,EJECUCION FISCAL MINISTERIO DE TRABAJO,202004,2,16A - EJECUCION FISCAL MINISTERIO DE TRABAJO
JUZGADO FEDERAL DE LA SEGURIDAD SOCIAL 1-JUZGADO FEDERAL DE LA SEGURIDAD SOCIAL 1 - SECRETARIA Nº 2,WCF,19A,P,EJECUCION LEY 23660,202004,6,19A - EJECUCION LEY 23660
JUZGADO FEDERAL DE LA SEGURIDAD SOCIAL 1-JUZGADO FEDERAL DE LA SEGURIDAD SOCIAL 1 - SECRETARIA Nº 2,WF8,16,P,EJECUCION FISCAL,202004,1,16 - EJECUCION FISCAL
JUZGADO FEDERAL DE LA SEGURIDAD SOCIAL 1-JUZGADO FEDERAL DE LA SEGURIDAD SOCIAL 1 - SECRETARIA Nº 2,WF8,19A,P,EJECUCION LEY 23660,202004,3,19A - EJECUCION LEY 23660
JUZGADO FEDERAL DE LA SEGURIDAD SOCIAL 10-,DEX,ARH,P,ACUERDO TRANSACCIONAL,202004,2,ARH - ACUERDO TRANSACCIONAL
JUZGADO FEDERAL DE LA SEGURIDAD SOCIAL 10-JUZGADO FEDERAL DE LA SEGURIDAD SOCIAL 10 - SECRETARIA Nº 1,$CE,11,T,REAJUSTES VARIOS,202004,2,11 - REAJUSTES VARIOS
JUZGADO FEDERAL DE LA SEGURIDAD SOCIAL 10-JUZGADO FEDERAL DE LA SEGURIDAD SOCIAL 10 - SECRETARIA Nº 1,COM,11,P,REAJUSTES VARIOS,202004,2,11 - REAJUSTES VARIOS
JUZGADO FEDERAL DE LA SEGURIDAD SOCIAL 10-JUZGADO FEDERAL DE LA SEGURIDAD SOCIAL 10 - SECRETARIA Nº 1,COM,17,P,PERSONAL MILITAR Y CIVIL DE LAS FFAA Y DE SEG,202004,2,17 - PERSONAL MILITAR Y CIVIL DE LAS FFAA Y DE SEG
JUZGADO FEDERAL DE LA SEGURIDAD SOCIAL 10-JUZGADO FEDERAL DE LA SEGURIDAD SOCIAL 10 - SECRETARIA Nº 1,COR,11,P,REAJUSTES VARIOS,202004,1,11 - REAJUSTES VARIOS
JUZGADO FEDERAL DE LA SEGURIDAD SOCIAL 10-JUZGADO FEDERAL DE LA SEGURIDAD SOCIAL 10 - SECRETARIA Nº 1,COR,15,P,EJECUCION PREVISIONAL,202004,1,15 - EJECUCION PREVISIONAL
JUZGADO FEDERAL DE LA SEGURIDAD SOCIAL 10-JUZGADO FEDERAL DE LA SEGURIDAD SOCIAL 10 - SECRETARIA Nº 1,COR,17,P,PERSONAL MILITAR Y CIVIL DE LAS FFAA Y DE SEG,202004,1,17 - PERSONAL MILITAR Y CIVIL DE LAS FFAA Y DE SEG
JUZGADO FEDERAL DE LA SEGURIDAD SOCIAL 10-JUZGADO FEDERAL DE LA SEGURIDAD SOCIAL 10 - SECRETARIA Nº 1,DEL,15,P,EJECUCION PREVISIONAL,202004,1,15 - EJECUCION PREVISIONAL
JUZGADO FEDERAL DE LA SEGURIDAD SOCIAL 10-JUZGADO FEDERAL DE LA SEGURIDAD SOCIAL 10 - SECRETARIA Nº 1,DEO,17,P,PERSONAL MILITAR Y CIVIL DE LAS FFAA Y DE SEG,202004,1,17 - PERSONAL MILITAR Y CIVIL DE LAS FFAA Y DE SEG
JUZGADO FEDERAL DE LA SEGURIDAD SOCIAL 10-JUZGADO FEDERAL DE LA SEGURIDAD SOCIAL 10 - SECRETARIA Nº 1,DEX,A,P,JUBILACION Y RETIRO POR INVALIDEZ,202004,1,A - JUBILACION Y RETIRO POR INVALIDEZ
JUZGADO FEDERAL DE LA SEGURIDAD SOCIAL 10-JUZGADO FEDERAL DE LA SEGURIDAD SOCIAL 10 - SECRETARIA Nº 1,DEX,ARH,I,ACUERDO TRANSACCIONAL,202004,5,ARH - ACUERDO TRANSACCIONAL (INDICENTE)
JUZGADO FEDERAL DE LA SEGURIDAD SOCIAL 10-JUZGADO FEDERAL DE LA SEGURIDAD SOCIAL 10 - SECRETARIA Nº 1,DEX,ARH,P,ACUERDO TRANSACCIONAL,202004,5,ARH - ACUERDO TRANSACCIONAL
JUZGADO FEDERAL DE LA SEGURIDAD SOCIAL 10-JUZGADO FEDERAL DE LA SEGURIDAD SOCIAL 10 - SECRETARIA Nº 1,DEX,C,P,PRESTACIONES VARIAS,202004,2,C - PRESTACIONES VARIAS
JUZGADO FEDERAL DE LA SEGURIDAD SOCIAL 10-JUZGADO FEDERAL DE LA SEGURIDAD SOCIAL 10 - SECRETARIA Nº 1,DEX,11,P,REAJUSTES VARIOS,202004,151,11 - REAJUSTES VARIOS
JUZGADO FEDERAL DE LA SEGURIDAD SOCIAL 10-JUZGADO FEDERAL DE LA SEGURIDAD SOCIAL 10 - SECRETARIA Nº 1,DEX,12,P,OTROS - PREVISIONALES,202004,3,12 - OTROS - PREVISIONALES
JUZGADO FEDERAL DE LA SEGURIDAD SOCIAL 10-JUZGADO FEDERAL DE LA SEGURIDAD SOCIAL 10 - SECRETARIA Nº 1,DEX,12B,P,NULIDAD DE ACTO ADMINISTRATIVO,202004,1,12B - NULIDAD DE ACTO ADMINISTRATIVO
JUZGADO FEDERAL DE LA SEGURIDAD SOCIAL 10-JUZGADO FEDERAL DE LA SEGURIDAD SOCIAL 10 - SECRETARIA Nº 1,DEX,13,P,AMPAROS Y SUMARISIMOS,202004,4,13 - AMPAROS Y SUMARISIMOS
JUZGADO FEDERAL DE LA SEGURIDAD SOCIAL 10-JUZGADO FEDERAL DE LA SEGURIDAD SOCIAL 10 - SECRETARIA Nº 1,DEX,14,P,MEDIDAS CAUTELARES,202004,1,14 - MEDIDAS CAUTELARES
JUZGADO FEDERAL DE LA SEGURIDAD SOCIAL 10-JUZGADO FEDERAL DE LA SEGURIDAD SOCIAL 10 - SECRETARIA Nº 1,DEX,15,P,EJECUCION PREVISIONAL,202004,13,15 - EJECUCION PREVISIONAL
JUZGADO FEDERAL DE LA SEGURIDAD SOCIAL 10-JUZGADO FEDERAL DE LA SEGURIDAD SOCIAL 10 - SECRETARIA Nº 1,DEX,17,P,PERSONAL MILITAR Y CIVIL DE LAS FFAA Y DE SEG,202004,61,17 - PERSONAL MILITAR Y CIVIL DE LAS FFAA Y DE SEG
JUZGADO FEDERAL DE LA SEGURIDAD SOCIAL 10-JUZGADO FEDERAL DE LA SEGURIDAD SOCIAL 10 - SECRETARIA Nº 1,DEX,3,P,PENSIONES,202004,2,3 - PENSIONES
JUZGADO FEDERAL DE LA SEGURIDAD SOCIAL 10-JUZGADO FEDERAL DE LA SEGURIDAD SOCIAL 10 - SECRETARIA Nº 1,DEX,36,P,BENEFICIO DE LITIGAR SIN GASTOS,202004,1,36 - BENEFICIO DE LITIGAR SIN GASTOS
JUZGADO FEDERAL DE LA SEGURIDAD SOCIAL 10-JUZGADO FEDERAL DE LA SEGURIDAD SOCIAL 10 - SECRETARIA Nº 1,DEX,37,P,ACCION MERAMENTE DECLARATIVA,202004,1,37 - ACCION MERAMENTE DECLARATIVA
JUZGADO FEDERAL DE LA SEGURIDAD SOCIAL 10-JUZGADO FEDERAL DE LA SEGURIDAD SOCIAL 10 - SECRETARIA Nº 1,D01,11,T,REAJUSTES VARIOS,202004,2,11 - REAJUSTES VARIOS
JUZGADO FEDERAL DE LA SEGURIDAD SOCIAL 10-JUZGADO FEDERAL DE LA SEGURIDAD SOCIAL 10 - SECRETARIA Nº 1,ELE,11,P,REAJUSTES VARIOS,202004,15,11 - REAJUSTES VARIOS
JUZGADO FEDERAL DE LA SEGURIDAD SOCIAL 10-JUZGADO FEDERAL DE LA SEGURIDAD SOCIAL 10 - SECRETARIA Nº 1,ELE,15,P,EJECUCION PREVISIONAL,202004,3,15 - EJECUCION PREVISIONAL
JUZGADO FEDERAL DE LA SEGURIDAD SOCIAL 10-JUZGADO FEDERAL DE LA SEGURIDAD SOCIAL 10 - SECRETARIA Nº 1,ELE,17,P,PERSONAL MILITAR Y CIVIL DE LAS FFAA Y DE SEG,202004,4,17 - PERSONAL MILITAR Y CIVIL DE LAS FFAA Y DE SEG
JUZGADO FEDERAL DE LA SEGURIDAD SOCIAL 10-JUZGADO FEDERAL DE LA SEGURIDAD SOCIAL 10 - SECRETARIA Nº 1,INI,11,T,REAJUSTES VARIOS,202004,2,11 - REAJUSTES VARIOS
JUZGADO FEDERAL DE LA SEGURIDAD SOCIAL 10-JUZGADO FEDERAL DE LA SEGURIDAD SOCIAL 10 - SECRETARIA Nº 1,LET,11,P,REAJUSTES VARIOS,202004,60,11 - REAJUSTES VARIOS
JUZGADO FEDERAL DE LA SEGURIDAD SOCIAL 10-JUZGADO FEDERAL DE LA SEGURIDAD SOCIAL 10 - SECRETARIA Nº 1,LET,12,P,OTROS - PREVISIONALES,202004,1,12 - OTROS - PREVISIONALES
JUZGADO FEDERAL DE LA SEGURIDAD SOCIAL 10-JUZGADO FEDERAL DE LA SEGURIDAD SOCIAL 10 - SECRETARIA Nº 1,LET,13,P,AMPAROS Y SUMARISIMOS,202004,3,13 - AMPAROS Y SUMARISIMOS
JUZGADO FEDERAL DE LA SEGURIDAD SOCIAL 10-JUZGADO FEDERAL DE LA SEGURIDAD SOCIAL 10 - SECRETARIA Nº 1,LET,15,P,EJECUCION PREVISIONAL,202004,9,15 - EJECUCION PREVISIONAL
JUZGADO FEDERAL DE LA SEGURIDAD SOCIAL 10-JUZGADO FEDERAL DE LA SEGURIDAD SOCIAL 10 - SECRETARIA Nº 1,LET,17,P,PERSONAL MILITAR Y CIVIL DE LAS FFAA Y DE SEG,202004,48,17 - PERSONAL MILITAR Y CIVIL DE LAS FFAA Y DE SEG
JUZGADO FEDERAL DE LA SEGURIDAD SOCIAL 10-JUZGADO FEDERAL DE LA SEGURIDAD SOCIAL 10 - SECRETARIA Nº 1,NTF,11,P,REAJUSTES VARIOS,202004,9,11 - REAJUSTES VARIOS
JUZGADO FEDERAL DE LA SEGURIDAD SOCIAL 10-JUZGADO FEDERAL DE LA SEGURIDAD SOCIAL 10 - SECRETARIA Nº 1,NTF,13,P,AMPAROS Y SUMARISIMOS,202004,1,13 - AMPAROS Y SUMARISIMOS
JUZGADO FEDERAL DE LA SEGURIDAD SOCIAL 10-JUZGADO FEDERAL DE LA SEGURIDAD SOCIAL 10 - SECRETARIA Nº 1,NTF,15,P,EJECUCION PREVISIONAL,202004,1,15 - EJECUCION PREVISIONAL
JUZGADO FEDERAL DE LA SEGURIDAD SOCIAL 10-JUZGADO FEDERAL DE LA SEGURIDAD SOCIAL 10 - SECRETARIA Nº 1,NTF,17,P,PERSONAL MILITAR Y CIVIL DE LAS FFAA Y DE SEG,202004,5,17 - PERSONAL MILITAR Y CIVIL DE LAS FFAA Y DE SEG
JUZGADO FEDERAL DE LA SEGURIDAD SOCIAL 10-JUZGADO FEDERAL DE LA SEGURIDAD SOCIAL 10 - SECRETARIA Nº 1,PAS,11,P,REAJUSTES VARIOS,202004,16,11 - REAJUSTES VARIOS
JUZGADO FEDERAL DE LA SEGURIDAD SOCIAL 10-JUZGADO FEDERAL DE LA SEGURIDAD SOCIAL 10 - SECRETARIA Nº 1,PAS,15,P,EJECUCION PREVISIONAL,202004,3,15 - EJECUCION PREVISIONAL
JUZGADO FEDERAL DE LA SEGURIDAD SOCIAL 10-JUZGADO FEDERAL DE LA SEGURIDAD SOCIAL 10 - SECRETARIA Nº 1,PAS,17,P,PERSONAL MILITAR Y CIVIL DE LAS FFAA Y DE SEG,202004,4,17 - PERSONAL MILITAR Y CIVIL DE LAS FFAA Y DE SEG
JUZGADO FEDERAL DE LA SEGURIDAD SOCIAL 10-JUZGADO FEDERAL DE LA SEGURIDAD SOCIAL 10 - SECRETARIA Nº 1,SIT,11,P,REAJUSTES VARIOS,202004,12,11 - REAJUSTES VARIOS
JUZGADO FEDERAL DE LA SEGURIDAD SOCIAL 10-JUZGADO FEDERAL DE LA SEGURIDAD SOCIAL 10 - SECRETARIA Nº 1,SIT,17,P,PERSONAL MILITAR Y CIVIL DE LAS FFAA Y DE SEG,202004,1,17 - PERSONAL MILITAR Y CIVIL DE LAS FFAA Y DE SEG
JUZGADO FEDERAL DE LA SEGURIDAD SOCIAL 10-JUZGADO FEDERAL DE LA SEGURIDAD SOCIAL 10 - SECRETARIA Nº 2,COM,19,P,COBRO DE APORTES O CONTRIBUCIONES,202004,1,19 - COBRO DE APORTES O CONTRIBUCIONES
JUZGADO FEDERAL DE LA SEGURIDAD SOCIAL 10-JUZGADO FEDERAL DE LA SEGURIDAD SOCIAL 10 - SECRETARIA Nº 2,DEX,16,P,EJECUCION FISCAL,202004,48,16 - EJECUCION FISCAL
JUZGADO FEDERAL DE LA SEGURIDAD SOCIAL 10-JUZGADO FEDERAL DE LA SEGURIDAD SOCIAL 10 - SECRETARIA Nº 2,DEX,16A,P,EJECUCION FISCAL MINISTERIO DE TRABAJO,202004,3,16A - EJECUCION FISCAL MINISTERIO DE TRABAJO
JUZGADO FEDERAL DE LA SEGURIDAD SOCIAL 10-JUZGADO FEDERAL DE LA SEGURIDAD SOCIAL 10 - SECRETARIA Nº 2,DEX,19A,P,EJECUCION LEY 23660,202004,9,19A - EJECUCION LEY 23660
JUZGADO FEDERAL DE LA SEGURIDAD SOCIAL 10-JUZGADO FEDERAL DE LA SEGURIDAD SOCIAL 10 - SECRETARIA Nº 2,DEX,19D,P,EJECUCION LEY 22804 Y CONCORDANTES,202004,2,19D - EJECUCION LEY 22804 Y CONCORDANTES
JUZGADO FEDERAL DE LA SEGURIDAD SOCIAL 10-JUZGADO FEDERAL DE LA SEGURIDAD SOCIAL 10 - SECRETARIA Nº 2,DPS,19A,P,EJECUCION LEY 23660,202004,1,19A - EJECUCION LEY 23660
JUZGADO FEDERAL DE LA SEGURIDAD SOCIAL 10-JUZGADO FEDERAL DE LA SEGURIDAD SOCIAL 10 - SECRETARIA Nº 2,LET,16A,P,EJECUCION FISCAL MINISTERIO DE TRABAJO,202004,1,16A - EJECUCION FISCAL MINISTERIO DE TRABAJO
JUZGADO FEDERAL DE LA SEGURIDAD SOCIAL 10-JUZGADO FEDERAL DE LA SEGURIDAD SOCIAL 10 - SECRETARIA Nº 2,LET,19,P,COBRO DE APORTES O CONTRIBUCIONES,202004,1,19 - COBRO DE APORTES O CONTRIBUCIONES
JUZGADO FEDERAL DE LA SEGURIDAD SOCIAL 10-JUZGADO FEDERAL DE LA SEGURIDAD SOCIAL 10 - SECRETARIA Nº 2,LET,19A,P,EJECUCION LEY 23660,202004,4,19A - EJECUCION LEY 23660
JUZGADO FEDERAL DE LA SEGURIDAD SOCIAL 10-JUZGADO FEDERAL DE LA SEGURIDAD SOCIAL 10 - SECRETARIA Nº 2,NTF,19A,P,EJECUCION LEY 23660,202004,1,19A - EJECUCION LEY 23660
JUZGADO FEDERAL DE LA SEGURIDAD SOCIAL 10-JUZGADO FEDERAL DE LA SEGURIDAD SOCIAL 10 - SECRETARIA Nº 2,SIT,16A,P,EJECUCION FISCAL MINISTERIO DE TRABAJO,202004,1,16A - EJECUCION FISCAL MINISTERIO DE TRABAJO
JUZGADO FEDERAL DE LA SEGURIDAD SOCIAL 10-JUZGADO FEDERAL DE LA SEGURIDAD SOCIAL 10 - SECRETARIA Nº 2,SIT,19A,P,EJECUCION LEY 23660,202004,1,19A - EJECUCION LEY 23660
JUZGADO FEDERAL DE LA SEGURIDAD SOCIAL 2-JUZGADO FEDERAL DE LA SEGURIDAD SOCIAL 2 - SECRETARIA Nº 1,DEX,11,P,REAJUSTES VARIOS,202004,150,11 - REAJUSTES VARIOS
JUZGADO FEDERAL DE LA SEGURIDAD SOCIAL 2-JUZGADO FEDERAL DE LA SEGURIDAD SOCIAL 2 - SECRETARIA Nº 1,DEX,11,T,REAJUSTES VARIOS,202004,1,11 - REAJUSTES VARIOS
JUZGADO FEDERAL DE LA SEGURIDAD SOCIAL 2-JUZGADO FEDERAL DE LA SEGURIDAD SOCIAL 2 - SECRETARIA Nº 1,DEX,13,P,AMPAROS Y SUMARISIMOS,202004,5,13 - AMPAROS Y SUMARISIMOS
JUZGADO FEDERAL DE LA SEGURIDAD SOCIAL 2-JUZGADO FEDERAL DE LA SEGURIDAD SOCIAL 2 - SECRETARIA Nº 1,DEX,15,P,EJECUCION PREVISIONAL,202004,8,15 - EJECUCION PREVISIONAL
JUZGADO FEDERAL DE LA SEGURIDAD SOCIAL 2-JUZGADO FEDERAL DE LA SEGURIDAD SOCIAL 2 - SECRETARIA Nº 1,DEX,17,P,PERSONAL MILITAR Y CIVIL DE LAS FFAA Y DE SEG,202004,55,17 - PERSONAL MILITAR Y CIVIL DE LAS FFAA Y DE SEG
JUZGADO FEDERAL DE LA SEGURIDAD SOCIAL 2-JUZGADO FEDERAL DE LA SEGURIDAD SOCIAL 2 - SECRETARIA Nº 1,DEX,3,P,PENSIONES,202004,1,3 - PENSIONES
JUZGADO FEDERAL DE LA SEGURIDAD SOCIAL 2-JUZGADO FEDERAL DE LA SEGURIDAD SOCIAL 2 - SECRETARIA Nº 1,ELE,11,P,REAJUSTES VARIOS,202004,4,11 - REAJUSTES VARIOS
JUZGADO FEDERAL DE LA SEGURIDAD SOCIAL 2-JUZGADO FEDERAL DE LA SEGURIDAD SOCIAL 2 - SECRETARIA Nº 1,LET,11,P,REAJUSTES VARIOS,202004,122,11 - REAJUSTES VARIOS
JUZGADO FEDERAL DE LA SEGURIDAD SOCIAL 2-JUZGADO FEDERAL DE LA SEGURIDAD SOCIAL 2 - SECRETARIA Nº 1,LET,13,P,AMPAROS Y SUMARISIMOS,202004,4,13 - AMPAROS Y SUMARISIMOS
JUZGADO FEDERAL DE LA SEGURIDAD SOCIAL 2-JUZGADO FEDERAL DE LA SEGURIDAD SOCIAL 2 - SECRETARIA Nº 1,LET,15,P,EJECUCION PREVISIONAL,202004,7,15 - EJECUCION PREVISIONAL
JUZGADO FEDERAL DE LA SEGURIDAD SOCIAL 2-JUZGADO FEDERAL DE LA SEGURIDAD SOCIAL 2 - SECRETARIA Nº 1,LET,17,P,PERSONAL MILITAR Y CIVIL DE LAS FFAA Y DE SEG,202004,37,17 - PERSONAL MILITAR Y CIVIL DE LAS FFAA Y DE SEG
JUZGADO FEDERAL DE LA SEGURIDAD SOCIAL 2-JUZGADO FEDERAL DE LA SEGURIDAD SOCIAL 2 - SECRETARIA Nº 1,NTF,11,P,REAJUSTES VARIOS,202004,72,11 - REAJUSTES VARIOS
JUZGADO FEDERAL DE LA SEGURIDAD SOCIAL 2-JUZGADO FEDERAL DE LA SEGURIDAD SOCIAL 2 - SECRETARIA Nº 1,NTF,13,P,AMPAROS Y SUMARISIMOS,202004,2,13 - AMPAROS Y SUMARISIMOS
JUZGADO FEDERAL DE LA SEGURIDAD SOCIAL 2-JUZGADO FEDERAL DE LA SEGURIDAD SOCIAL 2 - SECRETARIA Nº 1,NTF,15,P,EJECUCION PREVISIONAL,202004,2,15 - EJECUCION PREVISIONAL
JUZGADO FEDERAL DE LA SEGURIDAD SOCIAL 2-JUZGADO FEDERAL DE LA SEGURIDAD SOCIAL 2 - SECRETARIA Nº 1,NTF,17,P,PERSONAL MILITAR Y CIVIL DE LAS FFAA Y DE SEG,202004,25,17 - PERSONAL MILITAR Y CIVIL DE LAS FFAA Y DE SEG
JUZGADO FEDERAL DE LA SEGURIDAD SOCIAL 2-JUZGADO FEDERAL DE LA SEGURIDAD SOCIAL 2 - SECRETARIA Nº 1,PAS,13,P,AMPAROS Y SUMARISIMOS,202004,1,13 - AMPAROS Y SUMARISIMOS
JUZGADO FEDERAL DE LA SEGURIDAD SOCIAL 2-JUZGADO FEDERAL DE LA SEGURIDAD SOCIAL 2 - SECRETARIA Nº 1,PAS,14,P,MEDIDAS CAUTELARES,202004,1,14 - MEDIDAS CAUTELARES
JUZGADO FEDERAL DE LA SEGURIDAD SOCIAL 2-JUZGADO FEDERAL DE LA SEGURIDAD SOCIAL 2 - SECRETARIA Nº 1,WCF,11,P,REAJUSTES VARIOS,202004,1,11 - REAJUSTES VARIOS
JUZGADO FEDERAL DE LA SEGURIDAD SOCIAL 2-JUZGADO FEDERAL DE LA SEGURIDAD SOCIAL 2 - SECRETARIA Nº 2,$CE,16,T,EJECUCION FISCAL,202004,1,16 - EJECUCION FISCAL
JUZGADO FEDERAL DE LA SEGURIDAD SOCIAL 2-JUZGADO FEDERAL DE LA SEGURIDAD SOCIAL 2 - SECRETARIA Nº 2,COM,16,P,EJECUCION FISCAL,202004,1,16 - EJECUCION FISCAL
JUZGADO FEDERAL DE LA SEGURIDAD SOCIAL 2-JUZGADO FEDERAL DE LA SEGURIDAD SOCIAL 2 - SECRETARIA Nº 2,COM,16A,P,EJECUCION FISCAL MINISTERIO DE TRABAJO,202004,1,16A - EJECUCION FISCAL MINISTERIO DE TRABAJO
JUZGADO FEDERAL DE LA SEGURIDAD SOCIAL 2-JUZGADO FEDERAL DE LA SEGURIDAD SOCIAL 2 - SECRETARIA Nº 2,DEX,16,P,EJECUCION FISCAL,202004,33,16 - EJECUCION FISCAL
JUZGADO FEDERAL DE LA SEGURIDAD SOCIAL 2-JUZGADO FEDERAL DE LA SEGURIDAD SOCIAL 2 - SECRETARIA Nº 2,DEX,16A,P,EJECUCION FISCAL MINISTERIO DE TRABAJO,202004,5,16A - EJECUCION FISCAL MINISTERIO DE TRABAJO
JUZGADO FEDERAL DE LA SEGURIDAD SOCIAL 2-JUZGADO FEDERAL DE LA SEGURIDAD SOCIAL 2 - SECRETARIA Nº 2,DEX,19A,P,EJECUCION LEY 23660,202004,3,19A - EJECUCION LEY 23660
JUZGADO FEDERAL DE LA SEGURIDAD SOCIAL 2-JUZGADO FEDERAL DE LA SEGURIDAD SOCIAL 2 - SECRETARIA Nº 2,DEX,32,P,AMPAROS Y SUMARISIMOS SEC. 2,202004,1,32 - AMPAROS Y SUMARISIMOS SEC. 2
JUZGADO FEDERAL DE LA SEGURIDAD SOCIAL 2-JUZGADO FEDERAL DE LA SEGURIDAD SOCIAL 2 - SECRETARIA Nº 2,LET,19A,P,EJECUCION LEY 23660,202004,2,19A - EJECUCION LEY 23660
JUZGADO FEDERAL DE LA SEGURIDAD SOCIAL 2-JUZGADO FEDERAL DE LA SEGURIDAD SOCIAL 2 - SECRETARIA Nº 2,NTF,16A,P,EJECUCION FISCAL MINISTERIO DE TRABAJO,202004,1,16A - EJECUCION FISCAL MINISTERIO DE TRABAJO
JUZGADO FEDERAL DE LA SEGURIDAD SOCIAL 2-JUZGADO FEDERAL DE LA SEGURIDAD SOCIAL 2 - SECRETARIA Nº 2,NTF,19A,P,EJECUCION LEY 23660,202004,2,19A - EJECUCION LEY 23660
JUZGADO FEDERAL DE LA SEGURIDAD SOCIAL 3-JUZGADO FEDERAL DE LA SEGURIDAD SOCIAL 3 - SECRETARIA Nº 1,DEX,11,P,REAJUSTES VARIOS,202004,119,11 - REAJUSTES VARIOS
JUZGADO FEDERAL DE LA SEGURIDAD SOCIAL 3-JUZGADO FEDERAL DE LA SEGURIDAD SOCIAL 3 - SECRETARIA Nº 1,DEX,13,P,AMPAROS Y SUMARISIMOS,202004,4,13 - AMPAROS Y SUMARISIMOS
JUZGADO FEDERAL DE LA SEGURIDAD SOCIAL 3-JUZGADO FEDERAL DE LA SEGURIDAD SOCIAL 3 - SECRETARIA Nº 1,DEX,15,P,EJECUCION PREVISIONAL,202004,2,15 - EJECUCION PREVISIONAL
JUZGADO FEDERAL DE LA SEGURIDAD SOCIAL 3-JUZGADO FEDERAL DE LA SEGURIDAD SOCIAL 3 - SECRETARIA Nº 1,DEX,17,P,PERSONAL MILITAR Y CIVIL DE LAS FFAA Y DE SEG,202004,45,17 - PERSONAL MILITAR Y CIVIL DE LAS FFAA Y DE SEG
JUZGADO FEDERAL DE LA SEGURIDAD SOCIAL 3-JUZGADO FEDERAL DE LA SEGURIDAD SOCIAL 3 - SECRETARIA Nº 1,LET,11,P,REAJUSTES VARIOS,202004,179,11 - REAJUSTES VARIOS
JUZGADO FEDERAL DE LA SEGURIDAD SOCIAL 3-JUZGADO FEDERAL DE LA SEGURIDAD SOCIAL 3 - SECRETARIA Nº 1,LET,13,P,AMPAROS Y SUMARISIMOS,202004,3,13 - AMPAROS Y SUMARISIMOS
JUZGADO FEDERAL DE LA SEGURIDAD SOCIAL 3-JUZGADO FEDERAL DE LA SEGURIDAD SOCIAL 3 - SECRETARIA Nº 1,LET,15,P,EJECUCION PREVISIONAL,202004,4,15 - EJECUCION PREVISIONAL
JUZGADO FEDERAL DE LA SEGURIDAD SOCIAL 3-JUZGADO FEDERAL DE LA SEGURIDAD SOCIAL 3 - SECRETARIA Nº 1,LET,17,P,PERSONAL MILITAR Y CIVIL DE LAS FFAA Y DE SEG,202004,52,17 - PERSONAL MILITAR Y CIVIL DE LAS FFAA Y DE SEG
JUZGADO FEDERAL DE LA SEGURIDAD SOCIAL 3-JUZGADO FEDERAL DE LA SEGURIDAD SOCIAL 3 - SECRETARIA Nº 1,NTF,11,P,REAJUSTES VARIOS,202004,121,11 - REAJUSTES VARIOS
JUZGADO FEDERAL DE LA SEGURIDAD SOCIAL 3-JUZGADO FEDERAL DE LA SEGURIDAD SOCIAL 3 - SECRETARIA Nº 1,NTF,13,P,AMPAROS Y SUMARISIMOS,202004,1,13 - AMPAROS Y SUMARISIMOS
JUZGADO FEDERAL DE LA SEGURIDAD SOCIAL 3-JUZGADO FEDERAL DE LA SEGURIDAD SOCIAL 3 - SECRETARIA Nº 1,NTF,15,P,EJECUCION PREVISIONAL,202004,3,15 - EJECUCION PREVISIONAL
JUZGADO FEDERAL DE LA SEGURIDAD SOCIAL 3-JUZGADO FEDERAL DE LA SEGURIDAD SOCIAL 3 - SECRETARIA Nº 1,NTF,17,P,PERSONAL MILITAR Y CIVIL DE LAS FFAA Y DE SEG,202004,39,17 - PERSONAL MILITAR Y CIVIL DE LAS FFAA Y DE SEG
JUZGADO FEDERAL DE LA SEGURIDAD SOCIAL 3-JUZGADO FEDERAL DE LA SEGURIDAD SOCIAL 3 - SECRETARIA Nº 1,PAS,13,P,AMPAROS Y SUMARISIMOS,202004,1,13 - AMPAROS Y SUMARISIMOS
JUZGADO FEDERAL DE LA SEGURIDAD SOCIAL 3-JUZGADO FEDERAL DE LA SEGURIDAD SOCIAL 3 - SECRETARIA Nº 1,RAP,11,P,REAJUSTES VARIOS,202004,17,11 - REAJUSTES VARIOS
JUZGADO FEDERAL DE LA SEGURIDAD SOCIAL 3-JUZGADO FEDERAL DE LA SEGURIDAD SOCIAL 3 - SECRETARIA Nº 1,RAP,13,P,AMPAROS Y SUMARISIMOS,202004,1,13 - AMPAROS Y SUMARISIMOS
JUZGADO FEDERAL DE LA SEGURIDAD SOCIAL 3-JUZGADO FEDERAL DE LA SEGURIDAD SOCIAL 3 - SECRETARIA Nº 1,RAP,15,P,EJECUCION PREVISIONAL,202004,1,15 - EJECUCION PREVISIONAL
JUZGADO FEDERAL DE LA SEGURIDAD SOCIAL 3-JUZGADO FEDERAL DE LA SEGURIDAD SOCIAL 3 - SECRETARIA Nº 1,RAP,17,P,PERSONAL MILITAR Y CIVIL DE LAS FFAA Y DE SEG,202004,4,17 - PERSONAL MILITAR Y CIVIL DE LAS FFAA Y DE SEG
JUZGADO FEDERAL DE LA SEGURIDAD SOCIAL 3-JUZGADO FEDERAL DE LA SEGURIDAD SOCIAL 3 - SECRETARIA Nº 1,SEI,11,P,REAJUSTES VARIOS,202004,111,11 - REAJUSTES VARIOS
JUZGADO FEDERAL DE LA SEGURIDAD SOCIAL 3-JUZGADO FEDERAL DE LA SEGURIDAD SOCIAL 3 - SECRETARIA Nº 1,SEI,13,P,AMPAROS Y SUMARISIMOS,202004,1,13 - AMPAROS Y SUMARISIMOS
JUZGADO FEDERAL DE LA SEGURIDAD SOCIAL 3-JUZGADO FEDERAL DE LA SEGURIDAD SOCIAL 3 - SECRETARIA Nº 1,SEI,15,P,EJECUCION PREVISIONAL,202004,3,15 - EJECUCION PREVISIONAL
JUZGADO FEDERAL DE LA SEGURIDAD SOCIAL 3-JUZGADO FEDERAL DE LA SEGURIDAD SOCIAL 3 - SECRETARIA Nº 1,SEI,17,P,PERSONAL MILITAR Y CIVIL DE LAS FFAA Y DE SEG,202004,33,17 - PERSONAL MILITAR Y CIVIL DE LAS FFAA Y DE SEG
JUZGADO FEDERAL DE LA SEGURIDAD SOCIAL 3-JUZGADO FEDERAL DE LA SEGURIDAD SOCIAL 3 - SECRETARIA Nº 1,WCF,17,P,PERSONAL MILITAR Y CIVIL DE LAS FFAA Y DE SEG,202004,1,17 - PERSONAL MILITAR Y CIVIL DE LAS FFAA Y DE SEG
JUZGADO FEDERAL DE LA SEGURIDAD SOCIAL 3-JUZGADO FEDERAL DE LA SEGURIDAD SOCIAL 3 - SECRETARIA Nº 2,DEX,19,P,COBRO DE APORTES O CONTRIBUCIONES,202004,1,19 - COBRO DE APORTES O CONTRIBUCIONES
JUZGADO FEDERAL DE LA SEGURIDAD SOCIAL 3-JUZGADO FEDERAL DE LA SEGURIDAD SOCIAL 3 - SECRETARIA Nº 2,LET,19,P,COBRO DE APORTES O CONTRIBUCIONES,202004,1,19 - COBRO DE APORTES O CONTRIBUCIONES
JUZGADO FEDERAL DE LA SEGURIDAD SOCIAL 3-JUZGADO FEDERAL DE LA SEGURIDAD SOCIAL 3 - SECRETARIA Nº 2,LET,19A,P,EJECUCION LEY 23660,202004,1,19A - EJECUCION LEY 23660
JUZGADO FEDERAL DE LA SEGURIDAD SOCIAL 3-JUZGADO FEDERAL DE LA SEGURIDAD SOCIAL 3 - SECRETARIA Nº 2,NTF,19,P,COBRO DE APORTES O CONTRIBUCIONES,202004,1,19 - COBRO DE APORTES O CONTRIBUCIONES
JUZGADO FEDERAL DE LA SEGURIDAD SOCIAL 3-JUZGADO FEDERAL DE LA SEGURIDAD SOCIAL 3 - SECRETARIA Nº 2,NTF,19A,P,EJECUCION LEY 23660,202004,1,19A - EJECUCION LEY 23660
JUZGADO FEDERAL DE LA SEGURIDAD SOCIAL 3-JUZGADO FEDERAL DE LA SEGURIDAD SOCIAL 3 - SECRETARIA Nº 2,PAS,16,P,EJECUCION FISCAL,202004,1,16 - EJECUCION FISCAL
JUZGADO FEDERAL DE LA SEGURIDAD SOCIAL 3-JUZGADO FEDERAL DE LA SEGURIDAD SOCIAL 3 - SECRETARIA Nº 2,ROF,16,P,EJECUCION FISCAL,202004,1,16 - EJECUCION FISCAL
JUZGADO FEDERAL DE LA SEGURIDAD SOCIAL 3-JUZGADO FEDERAL DE LA SEGURIDAD SOCIAL 3 - SECRETARIA Nº 2,SEI,19,P,COBRO DE APORTES O CONTRIBUCIONES,202004,1,19 - COBRO DE APORTES O CONTRIBUCIONES
JUZGADO FEDERAL DE LA SEGURIDAD SOCIAL 3-JUZGADO FEDERAL DE LA SEGURIDAD SOCIAL 3 - SECRETARIA Nº 2,SEI,19A,P,EJECUCION LEY 23660,202004,1,19A - EJECUCION LEY 23660
JUZGADO FEDERAL DE LA SEGURIDAD SOCIAL 4-,COM,17,P,PERSONAL MILITAR Y CIVIL DE LAS FFAA Y DE SEG,202004,1,17 - PERSONAL MILITAR Y CIVIL DE LAS FFAA Y DE SEG
JUZGADO FEDERAL DE LA SEGURIDAD SOCIAL 4-,LET,17,P,PERSONAL MILITAR Y CIVIL DE LAS FFAA Y DE SEG,202004,1,17 - PERSONAL MILITAR Y CIVIL DE LAS FFAA Y DE SEG
JUZGADO FEDERAL DE LA SEGURIDAD SOCIAL 4-,NTF,17,P,PERSONAL MILITAR Y CIVIL DE LAS FFAA Y DE SEG,202004,1,17 - PERSONAL MILITAR Y CIVIL DE LAS FFAA Y DE SEG
JUZGADO FEDERAL DE LA SEGURIDAD SOCIAL 4-JUZGADO FEDERAL DE LA SEGURIDAD SOCIAL 4 - SECRETARIA Nº 1,ARC,11,P,REAJUSTES VARIOS,202004,1,11 - REAJUSTES VARIOS
JUZGADO FEDERAL DE LA SEGURIDAD SOCIAL 4-JUZGADO FEDERAL DE LA SEGURIDAD SOCIAL 4 - SECRETARIA Nº 1,$CE,11,T,REAJUSTES VARIOS,202004,1,11 - REAJUSTES VARIOS
JUZGADO FEDERAL DE LA SEGURIDAD SOCIAL 4-JUZGADO FEDERAL DE LA SEGURIDAD SOCIAL 4 - SECRETARIA Nº 1,COM,1,P,AMPARO POR MORA DE LA ADMINISTRACION,202004,2,1 - AMPARO POR MORA DE LA ADMINISTRACION
JUZGADO FEDERAL DE LA SEGURIDAD SOCIAL 4-JUZGADO FEDERAL DE LA SEGURIDAD SOCIAL 4 - SECRETARIA Nº 1,COM,11,I,REAJUSTES VARIOS,202004,2,11 - REAJUSTES VARIOS
JUZGADO FEDERAL DE LA SEGURIDAD SOCIAL 4-JUZGADO FEDERAL DE LA SEGURIDAD SOCIAL 4 - SECRETARIA Nº 1,COM,11,P,REAJUSTES VARIOS,202004,217,11 - REAJUSTES VARIOS
JUZGADO FEDERAL DE LA SEGURIDAD SOCIAL 4-JUZGADO FEDERAL DE LA SEGURIDAD SOCIAL 4 - SECRETARIA Nº 1,COM,11,T,REAJUSTES VARIOS,202004,1,11 - REAJUSTES VARIOS
JUZGADO FEDERAL DE LA SEGURIDAD SOCIAL 4-JUZGADO FEDERAL DE LA SEGURIDAD SOCIAL 4 - SECRETARIA Nº 1,COM,12D,P,RENTA VITALICIA,202004,1,12D - RENTA VITALICIA
JUZGADO FEDERAL DE LA SEGURIDAD SOCIAL 4-JUZGADO FEDERAL DE LA SEGURIDAD SOCIAL 4 - SECRETARIA Nº 1,COM,13,P,AMPAROS Y SUMARISIMOS,202004,9,13 - AMPAROS Y SUMARISIMOS
JUZGADO FEDERAL DE LA SEGURIDAD SOCIAL 4-JUZGADO FEDERAL DE LA SEGURIDAD SOCIAL 4 - SECRETARIA Nº 1,COM,14,P,MEDIDAS CAUTELARES,202004,1,14 - MEDIDAS CAUTELARES
JUZGADO FEDERAL DE LA SEGURIDAD SOCIAL 4-JUZGADO FEDERAL DE LA SEGURIDAD SOCIAL 4 - SECRETARIA Nº 1,COM,15,P,EJECUCION PREVISIONAL,202004,9,15 - EJECUCION PREVISIONAL
JUZGADO FEDERAL DE LA SEGURIDAD SOCIAL 4-JUZGADO FEDERAL DE LA SEGURIDAD SOCIAL 4 - SECRETARIA Nº 1,COM,17,P,PERSONAL MILITAR Y CIVIL DE LAS FFAA Y DE SEG,202004,127,17 - PERSONAL MILITAR Y CIVIL DE LAS FFAA Y DE SEG
JUZGADO FEDERAL DE LA SEGURIDAD SOCIAL 4-JUZGADO FEDERAL DE LA SEGURIDAD SOCIAL 4 - SECRETARIA Nº 1,COM,3,P,PENSIONES,202004,5,3 - PENSIONES
JUZGADO FEDERAL DE LA SEGURIDAD SOCIAL 4-JUZGADO FEDERAL DE LA SEGURIDAD SOCIAL 4 - SECRETARIA Nº 1,COM,40,P,INCONSTITUCIONALIDADES VARIAS,202004,2,40 - INCONSTITUCIONALIDADES VARIAS
JUZGADO FEDERAL DE LA SEGURIDAD SOCIAL 4-JUZGADO FEDERAL DE LA SEGURIDAD SOCIAL 4 - SECRETARIA Nº 1,DEX,1,P,AMPARO POR MORA DE LA ADMINISTRACION,202004,2,1 - AMPARO POR MORA DE LA ADMINISTRACION
JUZGADO FEDERAL DE LA SEGURIDAD SOCIAL 4-JUZGADO FEDERAL DE LA SEGURIDAD SOCIAL 4 - SECRETARIA Nº 1,DEX,11,I,REAJUSTES VARIOS,202004,2,11 - REAJUSTES VARIOS
JUZGADO FEDERAL DE LA SEGURIDAD SOCIAL 4-JUZGADO FEDERAL DE LA SEGURIDAD SOCIAL 4 - SECRETARIA Nº 1,DEX,11,P,REAJUSTES VARIOS,202004,213,11 - REAJUSTES VARIOS
JUZGADO FEDERAL DE LA SEGURIDAD SOCIAL 4-JUZGADO FEDERAL DE LA SEGURIDAD SOCIAL 4 - SECRETARIA Nº 1,DEX,12D,P,RENTA VITALICIA,202004,1,12D - RENTA VITALICIA
JUZGADO FEDERAL DE LA SEGURIDAD SOCIAL 4-JUZGADO FEDERAL DE LA SEGURIDAD SOCIAL 4 - SECRETARIA Nº 1,DEX,13,P,AMPAROS Y SUMARISIMOS,202004,11,13 - AMPAROS Y SUMARISIMOS
JUZGADO FEDERAL DE LA SEGURIDAD SOCIAL 4-JUZGADO FEDERAL DE LA SEGURIDAD SOCIAL 4 - SECRETARIA Nº 1,DEX,13,T,AMPAROS Y SUMARISIMOS,202004,1,13 - AMPAROS Y SUMARISIMOS
JUZGADO FEDERAL DE LA SEGURIDAD SOCIAL 4-JUZGADO FEDERAL DE LA SEGURIDAD SOCIAL 4 - SECRETARIA Nº 1,DEX,15,P,EJECUCION PREVISIONAL,202004,8,15 - EJECUCION PREVISIONAL
JUZGADO FEDERAL DE LA SEGURIDAD SOCIAL 4-JUZGADO FEDERAL DE LA SEGURIDAD SOCIAL 4 - SECRETARIA Nº 1,DEX,17,P,PERSONAL MILITAR Y CIVIL DE LAS FFAA Y DE SEG,202004,108,17 - PERSONAL MILITAR Y CIVIL DE LAS FFAA Y DE SEG
JUZGADO FEDERAL DE LA SEGURIDAD SOCIAL 4-JUZGADO FEDERAL DE LA SEGURIDAD SOCIAL 4 - SECRETARIA Nº 1,DEX,3,P,PENSIONES,202004,5,3 - PENSIONES
JUZGADO FEDERAL DE LA SEGURIDAD SOCIAL 4-JUZGADO FEDERAL DE LA SEGURIDAD SOCIAL 4 - SECRETARIA Nº 1,DEX,40,P,INCONSTITUCIONALIDADES VARIAS,202004,3,40 - INCONSTITUCIONALIDADES VARIAS
JUZGADO FEDERAL DE LA SEGURIDAD SOCIAL 4-JUZGADO FEDERAL DE LA SEGURIDAD SOCIAL 4 - SECRETARIA Nº 1,ELE,11,P,REAJUSTES VARIOS,202004,7,11 - REAJUSTES VARIOS
JUZGADO FEDERAL DE LA SEGURIDAD SOCIAL 4-JUZGADO FEDERAL DE LA SEGURIDAD SOCIAL 4 - SECRETARIA Nº 1,LET,1,P,AMPARO POR MORA DE LA ADMINISTRACION,202004,2,1 - AMPARO POR MORA DE LA ADMINISTRACION
JUZGADO FEDERAL DE LA SEGURIDAD SOCIAL 4-JUZGADO FEDERAL DE LA SEGURIDAD SOCIAL 4 - SECRETARIA Nº 1,LET,11,I,REAJUSTES VARIOS,202004,2,11 - REAJUSTES VARIOS
JUZGADO FEDERAL DE LA SEGURIDAD SOCIAL 4-JUZGADO FEDERAL DE LA SEGURIDAD SOCIAL 4 - SECRETARIA Nº 1,LET,11,P,REAJUSTES VARIOS,202004,228,11 - REAJUSTES VARIOS
JUZGADO FEDERAL DE LA SEGURIDAD SOCIAL 4-JUZGADO FEDERAL DE LA SEGURIDAD SOCIAL 4 - SECRETARIA Nº 1,LET,11,T,REAJUSTES VARIOS,202004,1,11 - REAJUSTES VARIOS
JUZGADO FEDERAL DE LA SEGURIDAD SOCIAL 4-JUZGADO FEDERAL DE LA SEGURIDAD SOCIAL 4 - SECRETARIA Nº 1,LET,12D,P,RENTA VITALICIA,202004,1,12D - RENTA VITALICIA
JUZGADO FEDERAL DE LA SEGURIDAD SOCIAL 4-JUZGADO FEDERAL DE LA SEGURIDAD SOCIAL 4 - SECRETARIA Nº 1,LET,13,P,AMPAROS Y SUMARISIMOS,202004,11,13 - AMPAROS Y SUMARISIMOS
JUZGADO FEDERAL DE LA SEGURIDAD SOCIAL 4-JUZGADO FEDERAL DE LA SEGURIDAD SOCIAL 4 - SECRETARIA Nº 1,LET,13,T,AMPAROS Y SUMARISIMOS,202004,1,13 - AMPAROS Y SUMARISIMOS
JUZGADO FEDERAL DE LA SEGURIDAD SOCIAL 4-JUZGADO FEDERAL DE LA SEGURIDAD SOCIAL 4 - SECRETARIA Nº 1,LET,15,P,EJECUCION PREVISIONAL,202004,9,15 - EJECUCION PREVISIONAL
JUZGADO FEDERAL DE LA SEGURIDAD SOCIAL 4-JUZGADO FEDERAL DE LA SEGURIDAD SOCIAL 4 - SECRETARIA Nº 1,LET,17,P,PERSONAL MILITAR Y CIVIL DE LAS FFAA Y DE SEG,202004,117,17 - PERSONAL MILITAR Y CIVIL DE LAS FFAA Y DE SEG
JUZGADO FEDERAL DE LA SEGURIDAD SOCIAL 4-JUZGADO FEDERAL DE LA SEGURIDAD SOCIAL 4 - SECRETARIA Nº 1,LET,3,P,PENSIONES,202004,6,3 - PENSIONES
JUZGADO FEDERAL DE LA SEGURIDAD SOCIAL 4-JUZGADO FEDERAL DE LA SEGURIDAD SOCIAL 4 - SECRETARIA Nº 1,LET,40,P,INCONSTITUCIONALIDADES VARIAS,202004,2,40 - INCONSTITUCIONALIDADES VARIAS
JUZGADO FEDERAL DE LA SEGURIDAD SOCIAL 4-JUZGADO FEDERAL DE LA SEGURIDAD SOCIAL 4 - SECRETARIA Nº 1,NTF,1,P,AMPARO POR MORA DE LA ADMINISTRACION,202004,2,1 - AMPARO POR MORA DE LA ADMINISTRACION
JUZGADO FEDERAL DE LA SEGURIDAD SOCIAL 4-JUZGADO FEDERAL DE LA SEGURIDAD SOCIAL 4 - SECRETARIA Nº 1,NTF,11,I,REAJUSTES VARIOS,202004,1,11 - REAJUSTES VARIOS
JUZGADO FEDERAL DE LA SEGURIDAD SOCIAL 4-JUZGADO FEDERAL DE LA SEGURIDAD SOCIAL 4 - SECRETARIA Nº 1,NTF,11,P,REAJUSTES VARIOS,202004,80,11 - REAJUSTES VARIOS
JUZGADO FEDERAL DE LA SEGURIDAD SOCIAL 4-JUZGADO FEDERAL DE LA SEGURIDAD SOCIAL 4 - SECRETARIA Nº 1,NTF,11,T,REAJUSTES VARIOS,202004,1,11 - REAJUSTES VARIOS
JUZGADO FEDERAL DE LA SEGURIDAD SOCIAL 4-JUZGADO FEDERAL DE LA SEGURIDAD SOCIAL 4 - SECRETARIA Nº 1,NTF,13,P,AMPAROS Y SUMARISIMOS,202004,2,13 - AMPAROS Y SUMARISIMOS
JUZGADO FEDERAL DE LA SEGURIDAD SOCIAL 4-JUZGADO FEDERAL DE LA SEGURIDAD SOCIAL 4 - SECRETARIA Nº 1,NTF,15,P,EJECUCION PREVISIONAL,202004,6,15 - EJECUCION PREVISIONAL
JUZGADO FEDERAL DE LA SEGURIDAD SOCIAL 4-JUZGADO FEDERAL DE LA SEGURIDAD SOCIAL 4 - SECRETARIA Nº 1,NTF,17,P,PERSONAL MILITAR Y CIVIL DE LAS FFAA Y DE SEG,202004,46,17 - PERSONAL MILITAR Y CIVIL DE LAS FFAA Y DE SEG
JUZGADO FEDERAL DE LA SEGURIDAD SOCIAL 4-JUZGADO FEDERAL DE LA SEGURIDAD SOCIAL 4 - SECRETARIA Nº 1,NTF,40,P,INCONSTITUCIONALIDADES VARIAS,202004,1,40 - INCONSTITUCIONALIDADES VARIAS
JUZGADO FEDERAL DE LA SEGURIDAD SOCIAL 4-JUZGADO FEDERAL DE LA SEGURIDAD SOCIAL 4 - SECRETARIA Nº 1,RAC,17,P,PERSONAL MILITAR Y CIVIL DE LAS FFAA Y DE SEG,202004,1,17 - PERSONAL MILITAR Y CIVIL DE LAS FFAA Y DE SEG
JUZGADO FEDERAL DE LA SEGURIDAD SOCIAL 4-JUZGADO FEDERAL DE LA SEGURIDAD SOCIAL 4 - SECRETARIA Nº 1,SIS,17,P,PERSONAL MILITAR Y CIVIL DE LAS FFAA Y DE SEG,202004,1,17 - PERSONAL MILITAR Y CIVIL DE LAS FFAA Y DE SEG
JUZGADO FEDERAL DE LA SEGURIDAD SOCIAL 4-JUZGADO FEDERAL DE LA SEGURIDAD SOCIAL 4 - SECRETARIA Nº 2,COM,16,P,EJECUCION FISCAL,202004,4,16 - EJECUCION FISCAL
JUZGADO FEDERAL DE LA SEGURIDAD SOCIAL 4-JUZGADO FEDERAL DE LA SEGURIDAD SOCIAL 4 - SECRETARIA Nº 2,COM,16A,P,EJECUCION FISCAL MINISTERIO DE TRABAJO,202004,10,16A - EJECUCION FISCAL MINISTERIO DE TRABAJO
JUZGADO FEDERAL DE LA SEGURIDAD SOCIAL 4-JUZGADO FEDERAL DE LA SEGURIDAD SOCIAL 4 - SECRETARIA Nº 2,COM,19,P,COBRO DE APORTES O CONTRIBUCIONES,202004,1,19 - COBRO DE APORTES O CONTRIBUCIONES
JUZGADO FEDERAL DE LA SEGURIDAD SOCIAL 4-JUZGADO FEDERAL DE LA SEGURIDAD SOCIAL 4 - SECRETARIA Nº 2,COM,19A,P,EJECUCION LEY 23660,202004,7,19A - EJECUCION LEY 23660
JUZGADO FEDERAL DE LA SEGURIDAD SOCIAL 4-JUZGADO FEDERAL DE LA SEGURIDAD SOCIAL 4 - SECRETARIA Nº 2,DEX,16,P,EJECUCION FISCAL,202004,30,16 - EJECUCION FISCAL
JUZGADO FEDERAL DE LA SEGURIDAD SOCIAL 4-JUZGADO FEDERAL DE LA SEGURIDAD SOCIAL 4 - SECRETARIA Nº 2,DEX,16A,P,EJECUCION FISCAL MINISTERIO DE TRABAJO,202004,8,16A - EJECUCION FISCAL MINISTERIO DE TRABAJO
JUZGADO FEDERAL DE LA SEGURIDAD SOCIAL 4-JUZGADO FEDERAL DE LA SEGURIDAD SOCIAL 4 - SECRETARIA Nº 2,DEX,19,P,COBRO DE APORTES O CONTRIBUCIONES,202004,1,19 - COBRO DE APORTES O CONTRIBUCIONES
JUZGADO FEDERAL DE LA SEGURIDAD SOCIAL 4-JUZGADO FEDERAL DE LA SEGURIDAD SOCIAL 4 - SECRETARIA Nº 2,DEX,19A,P,EJECUCION LEY 23660,202004,8,19A - EJECUCION LEY 23660
JUZGADO FEDERAL DE LA SEGURIDAD SOCIAL 4-JUZGADO FEDERAL DE LA SEGURIDAD SOCIAL 4 - SECRETARIA Nº 2,LET,16,P,EJECUCION FISCAL,202004,4,16 - EJECUCION FISCAL
JUZGADO FEDERAL DE LA SEGURIDAD SOCIAL 4-JUZGADO FEDERAL DE LA SEGURIDAD SOCIAL 4 - SECRETARIA Nº 2,LET,16A,P,EJECUCION FISCAL MINISTERIO DE TRABAJO,202004,9,16A - EJECUCION FISCAL MINISTERIO DE TRABAJO
JUZGADO FEDERAL DE LA SEGURIDAD SOCIAL 4-JUZGADO FEDERAL DE LA SEGURIDAD SOCIAL 4 - SECRETARIA Nº 2,LET,19,P,COBRO DE APORTES O CONTRIBUCIONES,202004,1,19 - COBRO DE APORTES O CONTRIBUCIONES
JUZGADO FEDERAL DE LA SEGURIDAD SOCIAL 4-JUZGADO FEDERAL DE LA SEGURIDAD SOCIAL 4 - SECRETARIA Nº 2,LET,19A,P,EJECUCION LEY 23660,202004,7,19A - EJECUCION LEY 23660
JUZGADO FEDERAL DE LA SEGURIDAD SOCIAL 4-JUZGADO FEDERAL DE LA SEGURIDAD SOCIAL 4 - SECRETARIA Nº 2,NTF,16A,P,EJECUCION FISCAL MINISTERIO DE TRABAJO,202004,1,16A - EJECUCION FISCAL MINISTERIO DE TRABAJO
JUZGADO FEDERAL DE LA SEGURIDAD SOCIAL 4-JUZGADO FEDERAL DE LA SEGURIDAD SOCIAL 4 - SECRETARIA Nº 2,NTF,19,P,COBRO DE APORTES O CONTRIBUCIONES,202004,1,19 - COBRO DE APORTES O CONTRIBUCIONES
JUZGADO FEDERAL DE LA SEGURIDAD SOCIAL 4-JUZGADO FEDERAL DE LA SEGURIDAD SOCIAL 4 - SECRETARIA Nº 2,NTF,19A,P,EJECUCION LEY 23660,202004,2,19A - EJECUCION LEY 23660
JUZGADO FEDERAL DE LA SEGURIDAD SOCIAL 5-,DEX,ARH,P,ACUERDO TRANSACCIONAL,202004,3,ARH - ACUERDO TRANSACCIONAL
JUZGADO FEDERAL DE LA SEGURIDAD SOCIAL 5-,WF6,ARH,P,ACUERDO TRANSACCIONAL,202004,3,ARH - ACUERDO TRANSACCIONAL
JUZGADO FEDERAL DE LA SEGURIDAD SOCIAL 5-JUZGADO FEDERAL DE LA SEGURIDAD SOCIAL 5 - SECRETARIA Nº 1,DEX,A,P,JUBILACION Y RETIRO POR INVALIDEZ,202004,1,A - JUBILACION Y RETIRO POR INVALIDEZ
JUZGADO FEDERAL DE LA SEGURIDAD SOCIAL 5-JUZGADO FEDERAL DE LA SEGURIDAD SOCIAL 5 - SECRETARIA Nº 1,DEX,ARH,I,ACUERDO TRANSACCIONAL,202004,9,ARH - ACUERDO TRANSACCIONAL (INDICENTE)
JUZGADO FEDERAL DE LA SEGURIDAD SOCIAL 5-JUZGADO FEDERAL DE LA SEGURIDAD SOCIAL 5 - SECRETARIA Nº 1,DEX,ARH,P,ACUERDO TRANSACCIONAL,202004,17,ARH - ACUERDO TRANSACCIONAL
JUZGADO FEDERAL DE LA SEGURIDAD SOCIAL 5-JUZGADO FEDERAL DE LA SEGURIDAD SOCIAL 5 - SECRETARIA Nº 1,DEX,C,P,PRESTACIONES VARIAS,202004,1,C - PRESTACIONES VARIAS
JUZGADO FEDERAL DE LA SEGURIDAD SOCIAL 5-JUZGADO FEDERAL DE LA SEGURIDAD SOCIAL 5 - SECRETARIA Nº 1,DEX,1,P,AMPARO POR MORA DE LA ADMINISTRACION,202004,1,1 - AMPARO POR MORA DE LA ADMINISTRACION
JUZGADO FEDERAL DE LA SEGURIDAD SOCIAL 5-JUZGADO FEDERAL DE LA SEGURIDAD SOCIAL 5 - SECRETARIA Nº 1,DEX,11,P,REAJUSTES VARIOS,202004,332,11 - REAJUSTES VARIOS
JUZGADO FEDERAL DE LA SEGURIDAD SOCIAL 5-JUZGADO FEDERAL DE LA SEGURIDAD SOCIAL 5 - SECRETARIA Nº 1,DEX,13,P,AMPAROS Y SUMARISIMOS,202004,6,13 - AMPAROS Y SUMARISIMOS
JUZGADO FEDERAL DE LA SEGURIDAD SOCIAL 5-JUZGADO FEDERAL DE LA SEGURIDAD SOCIAL 5 - SECRETARIA Nº 1,DEX,14,P,MEDIDAS CAUTELARES,202004,2,14 - MEDIDAS CAUTELARES
JUZGADO FEDERAL DE LA SEGURIDAD SOCIAL 5-JUZGADO FEDERAL DE LA SEGURIDAD SOCIAL 5 - SECRETARIA Nº 1,DEX,15,P,EJECUCION PREVISIONAL,202004,10,15 - EJECUCION PREVISIONAL
JUZGADO FEDERAL DE LA SEGURIDAD SOCIAL 5-JUZGADO FEDERAL DE LA SEGURIDAD SOCIAL 5 - SECRETARIA Nº 1,DEX,17,P,PERSONAL MILITAR Y CIVIL DE LAS FFAA Y DE SEG,202004,86,17 - PERSONAL MILITAR Y CIVIL DE LAS FFAA Y DE SEG
JUZGADO FEDERAL DE LA SEGURIDAD SOCIAL 5-JUZGADO FEDERAL DE LA SEGURIDAD SOCIAL 5 - SECRETARIA Nº 1,DEX,3,P,PENSIONES,202004,4,3 - PENSIONES
JUZGADO FEDERAL DE LA SEGURIDAD SOCIAL 5-JUZGADO FEDERAL DE LA SEGURIDAD SOCIAL 5 - SECRETARIA Nº 1,DEX,40,P,INCONSTITUCIONALIDADES VARIAS,202004,2,40 - INCONSTITUCIONALIDADES VARIAS
JUZGADO FEDERAL DE LA SEGURIDAD SOCIAL 5-JUZGADO FEDERAL DE LA SEGURIDAD SOCIAL 5 - SECRETARIA Nº 1,ELE,11,P,REAJUSTES VARIOS,202004,1,11 - REAJUSTES VARIOS
JUZGADO FEDERAL DE LA SEGURIDAD SOCIAL 5-JUZGADO FEDERAL DE LA SEGURIDAD SOCIAL 5 - SECRETARIA Nº 1,LET,A,P,JUBILACION Y RETIRO POR INVALIDEZ,202004,1,A - JUBILACION Y RETIRO POR INVALIDEZ
JUZGADO FEDERAL DE LA SEGURIDAD SOCIAL 5-JUZGADO FEDERAL DE LA SEGURIDAD SOCIAL 5 - SECRETARIA Nº 1,LET,C,P,PRESTACIONES VARIAS,202004,3,C - PRESTACIONES VARIAS
JUZGADO FEDERAL DE LA SEGURIDAD SOCIAL 5-JUZGADO FEDERAL DE LA SEGURIDAD SOCIAL 5 - SECRETARIA Nº 1,LET,1,P,AMPARO POR MORA DE LA ADMINISTRACION,202004,1,1 - AMPARO POR MORA DE LA ADMINISTRACION
JUZGADO FEDERAL DE LA SEGURIDAD SOCIAL 5-JUZGADO FEDERAL DE LA SEGURIDAD SOCIAL 5 - SECRETARIA Nº 1,LET,11,P,REAJUSTES VARIOS,202004,244,11 - REAJUSTES VARIOS
JUZGADO FEDERAL DE LA SEGURIDAD SOCIAL 5-JUZGADO FEDERAL DE LA SEGURIDAD SOCIAL 5 - SECRETARIA Nº 1,LET,13,P,AMPAROS Y SUMARISIMOS,202004,8,13 - AMPAROS Y SUMARISIMOS
JUZGADO FEDERAL DE LA SEGURIDAD SOCIAL 5-JUZGADO FEDERAL DE LA SEGURIDAD SOCIAL 5 - SECRETARIA Nº 1,LET,14,P,MEDIDAS CAUTELARES,202004,1,14 - MEDIDAS CAUTELARES
JUZGADO FEDERAL DE LA SEGURIDAD SOCIAL 5-JUZGADO FEDERAL DE LA SEGURIDAD SOCIAL 5 - SECRETARIA Nº 1,LET,15,P,EJECUCION PREVISIONAL,202004,12,15 - EJECUCION PREVISIONAL
JUZGADO FEDERAL DE LA SEGURIDAD SOCIAL 5-JUZGADO FEDERAL DE LA SEGURIDAD SOCIAL 5 - SECRETARIA Nº 1,LET,17,P,PERSONAL MILITAR Y CIVIL DE LAS FFAA Y DE SEG,202004,54,17 - PERSONAL MILITAR Y CIVIL DE LAS FFAA Y DE SEG
JUZGADO FEDERAL DE LA SEGURIDAD SOCIAL 5-JUZGADO FEDERAL DE LA SEGURIDAD SOCIAL 5 - SECRETARIA Nº 1,LET,3,P,PENSIONES,202004,6,3 - PENSIONES
JUZGADO FEDERAL DE LA SEGURIDAD SOCIAL 5-JUZGADO FEDERAL DE LA SEGURIDAD SOCIAL 5 - SECRETARIA Nº 1,LET,40,P,INCONSTITUCIONALIDADES VARIAS,202004,2,40 - INCONSTITUCIONALIDADES VARIAS
JUZGADO FEDERAL DE LA SEGURIDAD SOCIAL 5-JUZGADO FEDERAL DE LA SEGURIDAD SOCIAL 5 - SECRETARIA Nº 1,NTF,C,P,PRESTACIONES VARIAS,202004,1,C - PRESTACIONES VARIAS
JUZGADO FEDERAL DE LA SEGURIDAD SOCIAL 5-JUZGADO FEDERAL DE LA SEGURIDAD SOCIAL 5 - SECRETARIA Nº 1,NTF,11,P,REAJUSTES VARIOS,202004,26,11 - REAJUSTES VARIOS
JUZGADO FEDERAL DE LA SEGURIDAD SOCIAL 5-JUZGADO FEDERAL DE LA SEGURIDAD SOCIAL 5 - SECRETARIA Nº 1,NTF,13,P,AMPAROS Y SUMARISIMOS,202004,2,13 - AMPAROS Y SUMARISIMOS
JUZGADO FEDERAL DE LA SEGURIDAD SOCIAL 5-JUZGADO FEDERAL DE LA SEGURIDAD SOCIAL 5 - SECRETARIA Nº 1,NTF,15,P,EJECUCION PREVISIONAL,202004,1,15 - EJECUCION PREVISIONAL
JUZGADO FEDERAL DE LA SEGURIDAD SOCIAL 5-JUZGADO FEDERAL DE LA SEGURIDAD SOCIAL 5 - SECRETARIA Nº 1,NTF,17,P,PERSONAL MILITAR Y CIVIL DE LAS FFAA Y DE SEG,202004,13,17 - PERSONAL MILITAR Y CIVIL DE LAS FFAA Y DE SEG
JUZGADO FEDERAL DE LA SEGURIDAD SOCIAL 5-JUZGADO FEDERAL DE LA SEGURIDAD SOCIAL 5 - SECRETARIA Nº 1,NTF,3,P,PENSIONES,202004,2,3 - PENSIONES
JUZGADO FEDERAL DE LA SEGURIDAD SOCIAL 5-JUZGADO FEDERAL DE LA SEGURIDAD SOCIAL 5 - SECRETARIA Nº 1,WCF,11,P,REAJUSTES VARIOS,202004,14,11 - REAJUSTES VARIOS
JUZGADO FEDERAL DE LA SEGURIDAD SOCIAL 5-JUZGADO FEDERAL DE LA SEGURIDAD SOCIAL 5 - SECRETARIA Nº 1,WCF,13,P,AMPAROS Y SUMARISIMOS,202004,3,13 - AMPAROS Y SUMARISIMOS
JUZGADO FEDERAL DE LA SEGURIDAD SOCIAL 5-JUZGADO FEDERAL DE LA SEGURIDAD SOCIAL 5 - SECRETARIA Nº 1,WCF,15,P,EJECUCION PREVISIONAL,202004,2,15 - EJECUCION PREVISIONAL
JUZGADO FEDERAL DE LA SEGURIDAD SOCIAL 5-JUZGADO FEDERAL DE LA SEGURIDAD SOCIAL 5 - SECRETARIA Nº 1,WCF,17,P,PERSONAL MILITAR Y CIVIL DE LAS FFAA Y DE SEG,202004,5,17 - PERSONAL MILITAR Y CIVIL DE LAS FFAA Y DE SEG
JUZGADO FEDERAL DE LA SEGURIDAD SOCIAL 5-JUZGADO FEDERAL DE LA SEGURIDAD SOCIAL 5 - SECRETARIA Nº 1,WCF,3,P,PENSIONES,202004,1,3 - PENSIONES
JUZGADO FEDERAL DE LA SEGURIDAD SOCIAL 5-JUZGADO FEDERAL DE LA SEGURIDAD SOCIAL 5 - SECRETARIA Nº 1,WEL,11,P,REAJUSTES VARIOS,202004,1,11 - REAJUSTES VARIOS
JUZGADO FEDERAL DE LA SEGURIDAD SOCIAL 5-JUZGADO FEDERAL DE LA SEGURIDAD SOCIAL 5 - SECRETARIA Nº 1,WEL,15,P,EJECUCION PREVISIONAL,202004,1,15 - EJECUCION PREVISIONAL
JUZGADO FEDERAL DE LA SEGURIDAD SOCIAL 5-JUZGADO FEDERAL DE LA SEGURIDAD SOCIAL 5 - SECRETARIA Nº 1,WF6,ARH,I,ACUERDO TRANSACCIONAL,202004,10,ARH - ACUERDO TRANSACCIONAL (INDICENTE)
JUZGADO FEDERAL DE LA SEGURIDAD SOCIAL 5-JUZGADO FEDERAL DE LA SEGURIDAD SOCIAL 5 - SECRETARIA Nº 1,WF6,ARH,P,ACUERDO TRANSACCIONAL,202004,17,ARH - ACUERDO TRANSACCIONAL
JUZGADO FEDERAL DE LA SEGURIDAD SOCIAL 5-JUZGADO FEDERAL DE LA SEGURIDAD SOCIAL 5 - SECRETARIA Nº 2,DEX,16,P,EJECUCION FISCAL,202004,14,16 - EJECUCION FISCAL
JUZGADO FEDERAL DE LA SEGURIDAD SOCIAL 5-JUZGADO FEDERAL DE LA SEGURIDAD SOCIAL 5 - SECRETARIA Nº 2,DEX,16A,P,EJECUCION FISCAL MINISTERIO DE TRABAJO,202004,1,16A - EJECUCION FISCAL MINISTERIO DE TRABAJO
JUZGADO FEDERAL DE LA SEGURIDAD SOCIAL 5-JUZGADO FEDERAL DE LA SEGURIDAD SOCIAL 5 - SECRETARIA Nº 2,DEX,19A,P,EJECUCION LEY 23660,202004,1,19A - EJECUCION LEY 23660
JUZGADO FEDERAL DE LA SEGURIDAD SOCIAL 5-JUZGADO FEDERAL DE LA SEGURIDAD SOCIAL 5 - SECRETARIA Nº 2,LET,16,P,EJECUCION FISCAL,202004,9,16 - EJECUCION FISCAL
JUZGADO FEDERAL DE LA SEGURIDAD SOCIAL 5-JUZGADO FEDERAL DE LA SEGURIDAD SOCIAL 5 - SECRETARIA Nº 2,LET,16A,P,EJECUCION FISCAL MINISTERIO DE TRABAJO,202004,8,16A - EJECUCION FISCAL MINISTERIO DE TRABAJO
JUZGADO FEDERAL DE LA SEGURIDAD SOCIAL 5-JUZGADO FEDERAL DE LA SEGURIDAD SOCIAL 5 - SECRETARIA Nº 2,LET,19A,P,EJECUCION LEY 23660,202004,1,19A - EJECUCION LEY 23660
JUZGADO FEDERAL DE LA SEGURIDAD SOCIAL 5-JUZGADO FEDERAL DE LA SEGURIDAD SOCIAL 5 - SECRETARIA Nº 2,NTF,19A,P,EJECUCION LEY 23660,202004,1,19A - EJECUCION LEY 23660
JUZGADO FEDERAL DE LA SEGURIDAD SOCIAL 5-JUZGADO FEDERAL DE LA SEGURIDAD SOCIAL 5 - SECRETARIA Nº 2,WCF,16,P,EJECUCION FISCAL,202004,1,16 - EJECUCION FISCAL
JUZGADO FEDERAL DE LA SEGURIDAD SOCIAL 6-,DEX,ARH,P,ACUERDO TRANSACCIONAL,202004,23,ARH - ACUERDO TRANSACCIONAL
JUZGADO FEDERAL DE LA SEGURIDAD SOCIAL 6-JUZGADO FEDERAL DE LA SEGURIDAD SOCIAL 6 - SECRETARIA Nº 1,ARE,11,T,REAJUSTES VARIOS,202004,1,11 - REAJUSTES VARIOS
JUZGADO FEDERAL DE LA SEGURIDAD SOCIAL 6-JUZGADO FEDERAL DE LA SEGURIDAD SOCIAL 6 - SECRETARIA Nº 1,ASE,11,P,REAJUSTES VARIOS,202004,3,11 - REAJUSTES VARIOS
JUZGADO FEDERAL DE LA SEGURIDAD SOCIAL 6-JUZGADO FEDERAL DE LA SEGURIDAD SOCIAL 6 - SECRETARIA Nº 1,ATH,ARH,I,ACUERDO TRANSACCIONAL,202004,2,ARH - ACUERDO TRANSACCIONAL (INDICENTE)
JUZGADO FEDERAL DE LA SEGURIDAD SOCIAL 6-JUZGADO FEDERAL DE LA SEGURIDAD SOCIAL 6 - SECRETARIA Nº 1,ATH,ARH,P,ACUERDO TRANSACCIONAL,202004,2,ARH - ACUERDO TRANSACCIONAL
JUZGADO FEDERAL DE LA SEGURIDAD SOCIAL 6-JUZGADO FEDERAL DE LA SEGURIDAD SOCIAL 6 - SECRETARIA Nº 1,CDM,11,P,REAJUSTES VARIOS,202004,23,11 - REAJUSTES VARIOS
JUZGADO FEDERAL DE LA SEGURIDAD SOCIAL 6-JUZGADO FEDERAL DE LA SEGURIDAD SOCIAL 6 - SECRETARIA Nº 1,CFT,17,P,PERSONAL MILITAR Y CIVIL DE LAS FFAA Y DE SEG,202004,1,17 - PERSONAL MILITAR Y CIVIL DE LAS FFAA Y DE SEG
JUZGADO FEDERAL DE LA SEGURIDAD SOCIAL 6-JUZGADO FEDERAL DE LA SEGURIDAD SOCIAL 6 - SECRETARIA Nº 1,COM,A,P,JUBILACION Y RETIRO POR INVALIDEZ,202004,1,A - JUBILACION Y RETIRO POR INVALIDEZ
JUZGADO FEDERAL DE LA SEGURIDAD SOCIAL 6-JUZGADO FEDERAL DE LA SEGURIDAD SOCIAL 6 - SECRETARIA Nº 1,COM,C,P,PRESTACIONES VARIAS,202004,2,C - PRESTACIONES VARIAS
JUZGADO FEDERAL DE LA SEGURIDAD SOCIAL 6-JUZGADO FEDERAL DE LA SEGURIDAD SOCIAL 6 - SECRETARIA Nº 1,COM,11,P,REAJUSTES VARIOS,202004,278,11 - REAJUSTES VARIOS
JUZGADO FEDERAL DE LA SEGURIDAD SOCIAL 6-JUZGADO FEDERAL DE LA SEGURIDAD SOCIAL 6 - SECRETARIA Nº 1,COM,11,T,REAJUSTES VARIOS,202004,1,11 - REAJUSTES VARIOS
JUZGADO FEDERAL DE LA SEGURIDAD SOCIAL 6-JUZGADO FEDERAL DE LA SEGURIDAD SOCIAL 6 - SECRETARIA Nº 1,COM,13,P,AMPAROS Y SUMARISIMOS,202004,4,13 - AMPAROS Y SUMARISIMOS
JUZGADO FEDERAL DE LA SEGURIDAD SOCIAL 6-JUZGADO FEDERAL DE LA SEGURIDAD SOCIAL 6 - SECRETARIA Nº 1,COM,15,P,EJECUCION PREVISIONAL,202004,7,15 - EJECUCION PREVISIONAL
JUZGADO FEDERAL DE LA SEGURIDAD SOCIAL 6-JUZGADO FEDERAL DE LA SEGURIDAD SOCIAL 6 - SECRETARIA Nº 1,COM,17,P,PERSONAL MILITAR Y CIVIL DE LAS FFAA Y DE SEG,202004,122,17 - PERSONAL MILITAR Y CIVIL DE LAS FFAA Y DE SEG
JUZGADO FEDERAL DE LA SEGURIDAD SOCIAL 6-JUZGADO FEDERAL DE LA SEGURIDAD SOCIAL 6 - SECRETARIA Nº 1,COM,3,P,PENSIONES,202004,3,3 - PENSIONES
JUZGADO FEDERAL DE LA SEGURIDAD SOCIAL 6-JUZGADO FEDERAL DE LA SEGURIDAD SOCIAL 6 - SECRETARIA Nº 1,COR,ARH,I,ACUERDO TRANSACCIONAL,202004,1,ARH - ACUERDO TRANSACCIONAL (INDICENTE)
JUZGADO FEDERAL DE LA SEGURIDAD SOCIAL 6-JUZGADO FEDERAL DE LA SEGURIDAD SOCIAL 6 - SECRETARIA Nº 1,COR,ARH,P,ACUERDO TRANSACCIONAL,202004,1,ARH - ACUERDO TRANSACCIONAL
JUZGADO FEDERAL DE LA SEGURIDAD SOCIAL 6-JUZGADO FEDERAL DE LA SEGURIDAD SOCIAL 6 - SECRETARIA Nº 1,COR,11,P,REAJUSTES VARIOS,202004,2,11 - REAJUSTES VARIOS
JUZGADO FEDERAL DE LA SEGURIDAD SOCIAL 6-JUZGADO FEDERAL DE LA SEGURIDAD SOCIAL 6 - SECRETARIA Nº 1,COR,17,P,PERSONAL MILITAR Y CIVIL DE LAS FFAA Y DE SEG,202004,1,17 - PERSONAL MILITAR Y CIVIL DE LAS FFAA Y DE SEG
JUZGADO FEDERAL DE LA SEGURIDAD SOCIAL 6-JUZGADO FEDERAL DE LA SEGURIDAD SOCIAL 6 - SECRETARIA Nº 1,DAR,11,P,REAJUSTES VARIOS,202004,5,11 - REAJUSTES VARIOS
JUZGADO FEDERAL DE LA SEGURIDAD SOCIAL 6-JUZGADO FEDERAL DE LA SEGURIDAD SOCIAL 6 - SECRETARIA Nº 1,DEX,A,P,JUBILACION Y RETIRO POR INVALIDEZ,202004,2,A - JUBILACION Y RETIRO POR INVALIDEZ
JUZGADO FEDERAL DE LA SEGURIDAD SOCIAL 6-JUZGADO FEDERAL DE LA SEGURIDAD SOCIAL 6 - SECRETARIA Nº 1,DEX,ARH,I,ACUERDO TRANSACCIONAL,202004,52,ARH - ACUERDO TRANSACCIONAL (INDICENTE)
JUZGADO FEDERAL DE LA SEGURIDAD SOCIAL 6-JUZGADO FEDERAL DE LA SEGURIDAD SOCIAL 6 - SECRETARIA Nº 1,DEX,ARH,P,ACUERDO TRANSACCIONAL,202004,40,ARH - ACUERDO TRANSACCIONAL
JUZGADO FEDERAL DE LA SEGURIDAD SOCIAL 6-JUZGADO FEDERAL DE LA SEGURIDAD SOCIAL 6 - SECRETARIA Nº 1,DEX,11,I,REAJUSTES VARIOS,202004,1,11 - REAJUSTES VARIOS
JUZGADO FEDERAL DE LA SEGURIDAD SOCIAL 6-JUZGADO FEDERAL DE LA SEGURIDAD SOCIAL 6 - SECRETARIA Nº 1,DEX,11,P,REAJUSTES VARIOS,202004,350,11 - REAJUSTES VARIOS
JUZGADO FEDERAL DE LA SEGURIDAD SOCIAL 6-JUZGADO FEDERAL DE LA SEGURIDAD SOCIAL 6 - SECRETARIA Nº 1,DEX,12C,P,ACCION DE REPETICION,202004,1,12C - ACCION DE REPETICION
JUZGADO FEDERAL DE LA SEGURIDAD SOCIAL 6-JUZGADO FEDERAL DE LA SEGURIDAD SOCIAL 6 - SECRETARIA Nº 1,DEX,13,P,AMPAROS Y SUMARISIMOS,202004,20,13 - AMPAROS Y SUMARISIMOS
JUZGADO FEDERAL DE LA SEGURIDAD SOCIAL 6-JUZGADO FEDERAL DE LA SEGURIDAD SOCIAL 6 - SECRETARIA Nº 1,DEX,15,P,EJECUCION PREVISIONAL,202004,10,15 - EJECUCION PREVISIONAL
JUZGADO FEDERAL DE LA SEGURIDAD SOCIAL 6-JUZGADO FEDERAL DE LA SEGURIDAD SOCIAL 6 - SECRETARIA Nº 1,DEX,17,P,PERSONAL MILITAR Y CIVIL DE LAS FFAA Y DE SEG,202004,167,17 - PERSONAL MILITAR Y CIVIL DE LAS FFAA Y DE SEG
JUZGADO FEDERAL DE LA SEGURIDAD SOCIAL 6-JUZGADO FEDERAL DE LA SEGURIDAD SOCIAL 6 - SECRETARIA Nº 1,DEX,3,P,PENSIONES,202004,7,3 - PENSIONES
JUZGADO FEDERAL DE LA SEGURIDAD SOCIAL 6-JUZGADO FEDERAL DE LA SEGURIDAD SOCIAL 6 - SECRETARIA Nº 1,DEX,38,P,COBRO DE PESOS,202004,1,38 - COBRO DE PESOS
JUZGADO FEDERAL DE LA SEGURIDAD SOCIAL 6-JUZGADO FEDERAL DE LA SEGURIDAD SOCIAL 6 - SECRETARIA Nº 1,EDE,ARH,P,ACUERDO TRANSACCIONAL,202004,1,ARH - ACUERDO TRANSACCIONAL
JUZGADO FEDERAL DE LA SEGURIDAD SOCIAL 6-JUZGADO FEDERAL DE LA SEGURIDAD SOCIAL 6 - SECRETARIA Nº 1,EJE,11,P,REAJUSTES VARIOS,202004,1,11 - REAJUSTES VARIOS
JUZGADO FEDERAL DE LA SEGURIDAD SOCIAL 6-JUZGADO FEDERAL DE LA SEGURIDAD SOCIAL 6 - SECRETARIA Nº 1,LET,A,P,JUBILACION Y RETIRO POR INVALIDEZ,202004,2,A - JUBILACION Y RETIRO POR INVALIDEZ
JUZGADO FEDERAL DE LA SEGURIDAD SOCIAL 6-JUZGADO FEDERAL DE LA SEGURIDAD SOCIAL 6 - SECRETARIA Nº 1,LET,ARH,I,ACUERDO TRANSACCIONAL,202004,16,ARH - ACUERDO TRANSACCIONAL (INDICENTE)
JUZGADO FEDERAL DE LA SEGURIDAD SOCIAL 6-JUZGADO FEDERAL DE LA SEGURIDAD SOCIAL 6 - SECRETARIA Nº 1,LET,ARH,P,ACUERDO TRANSACCIONAL,202004,12,ARH - ACUERDO TRANSACCIONAL
JUZGADO FEDERAL DE LA SEGURIDAD SOCIAL 6-JUZGADO FEDERAL DE LA SEGURIDAD SOCIAL 6 - SECRETARIA Nº 1,LET,11,P,REAJUSTES VARIOS,202004,581,11 - REAJUSTES VARIOS
JUZGADO FEDERAL DE LA SEGURIDAD SOCIAL 6-JUZGADO FEDERAL DE LA SEGURIDAD SOCIAL 6 - SECRETARIA Nº 1,LET,12,P,OTROS - PREVISIONALES,202004,1,12 - OTROS - PREVISIONALES
JUZGADO FEDERAL DE LA SEGURIDAD SOCIAL 6-JUZGADO FEDERAL DE LA SEGURIDAD SOCIAL 6 - SECRETARIA Nº 1,LET,12C,P,ACCION DE REPETICION,202004,1,12C - ACCION DE REPETICION
JUZGADO FEDERAL DE LA SEGURIDAD SOCIAL 6-JUZGADO FEDERAL DE LA SEGURIDAD SOCIAL 6 - SECRETARIA Nº 1,LET,13,P,AMPAROS Y SUMARISIMOS,202004,15,13 - AMPAROS Y SUMARISIMOS
JUZGADO FEDERAL DE LA SEGURIDAD SOCIAL 6-JUZGADO FEDERAL DE LA SEGURIDAD SOCIAL 6 - SECRETARIA Nº 1,LET,15,P,EJECUCION PREVISIONAL,202004,16,15 - EJECUCION PREVISIONAL
JUZGADO FEDERAL DE LA SEGURIDAD SOCIAL 6-JUZGADO FEDERAL DE LA SEGURIDAD SOCIAL 6 - SECRETARIA Nº 1,LET,17,P,PERSONAL MILITAR Y CIVIL DE LAS FFAA Y DE SEG,202004,204,17 - PERSONAL MILITAR Y CIVIL DE LAS FFAA Y DE SEG
JUZGADO FEDERAL DE LA SEGURIDAD SOCIAL 6-JUZGADO FEDERAL DE LA SEGURIDAD SOCIAL 6 - SECRETARIA Nº 1,LET,3,P,PENSIONES,202004,6,3 - PENSIONES
JUZGADO FEDERAL DE LA SEGURIDAD SOCIAL 6-JUZGADO FEDERAL DE LA SEGURIDAD SOCIAL 6 - SECRETARIA Nº 1,LET,38,P,COBRO DE PESOS,202004,1,38 - COBRO DE PESOS
JUZGADO FEDERAL DE LA SEGURIDAD SOCIAL 6-JUZGADO FEDERAL DE LA SEGURIDAD SOCIAL 6 - SECRETARIA Nº 1,NOF,11,P,REAJUSTES VARIOS,202004,1,11 - REAJUSTES VARIOS
JUZGADO FEDERAL DE LA SEGURIDAD SOCIAL 6-JUZGADO FEDERAL DE LA SEGURIDAD SOCIAL 6 - SECRETARIA Nº 1,NTF,ARH,I,ACUERDO TRANSACCIONAL,202004,4,ARH - ACUERDO TRANSACCIONAL (INDICENTE)
JUZGADO FEDERAL DE LA SEGURIDAD SOCIAL 6-JUZGADO FEDERAL DE LA SEGURIDAD SOCIAL 6 - SECRETARIA Nº 1,NTF,ARH,P,ACUERDO TRANSACCIONAL,202004,3,ARH - ACUERDO TRANSACCIONAL
JUZGADO FEDERAL DE LA SEGURIDAD SOCIAL 6-JUZGADO FEDERAL DE LA SEGURIDAD SOCIAL 6 - SECRETARIA Nº 1,NTF,11,P,REAJUSTES VARIOS,202004,32,11 - REAJUSTES VARIOS
JUZGADO FEDERAL DE LA SEGURIDAD SOCIAL 6-JUZGADO FEDERAL DE LA SEGURIDAD SOCIAL 6 - SECRETARIA Nº 1,NTF,15,P,EJECUCION PREVISIONAL,202004,1,15 - EJECUCION PREVISIONAL
JUZGADO FEDERAL DE LA SEGURIDAD SOCIAL 6-JUZGADO FEDERAL DE LA SEGURIDAD SOCIAL 6 - SECRETARIA Nº 1,OBC,11,P,REAJUSTES VARIOS,202004,1,11 - REAJUSTES VARIOS
JUZGADO FEDERAL DE LA SEGURIDAD SOCIAL 6-JUZGADO FEDERAL DE LA SEGURIDAD SOCIAL 6 - SECRETARIA Nº 1,RAP,17,P,PERSONAL MILITAR Y CIVIL DE LAS FFAA Y DE SEG,202004,1,17 - PERSONAL MILITAR Y CIVIL DE LAS FFAA Y DE SEG
JUZGADO FEDERAL DE LA SEGURIDAD SOCIAL 6-JUZGADO FEDERAL DE LA SEGURIDAD SOCIAL 6 - SECRETARIA Nº 1,SEI,ARH,I,ACUERDO TRANSACCIONAL,202004,2,ARH - ACUERDO TRANSACCIONAL (INDICENTE)
JUZGADO FEDERAL DE LA SEGURIDAD SOCIAL 6-JUZGADO FEDERAL DE LA SEGURIDAD SOCIAL 6 - SECRETARIA Nº 1,SEI,ARH,P,ACUERDO TRANSACCIONAL,202004,2,ARH - ACUERDO TRANSACCIONAL
JUZGADO FEDERAL DE LA SEGURIDAD SOCIAL 6-JUZGADO FEDERAL DE LA SEGURIDAD SOCIAL 6 - SECRETARIA Nº 1,WCF,11,I,REAJUSTES VARIOS,202004,1,11 - REAJUSTES VARIOS
JUZGADO FEDERAL DE LA SEGURIDAD SOCIAL 6-JUZGADO FEDERAL DE LA SEGURIDAD SOCIAL 6 - SECRETARIA Nº 1,WCF,11,P,REAJUSTES VARIOS,202004,369,11 - REAJUSTES VARIOS
JUZGADO FEDERAL DE LA SEGURIDAD SOCIAL 6-JUZGADO FEDERAL DE LA SEGURIDAD SOCIAL 6 - SECRETARIA Nº 1,WCF,13,P,AMPAROS Y SUMARISIMOS,202004,6,13 - AMPAROS Y SUMARISIMOS
JUZGADO FEDERAL DE LA SEGURIDAD SOCIAL 6-JUZGADO FEDERAL DE LA SEGURIDAD SOCIAL 6 - SECRETARIA Nº 1,WCF,15,P,EJECUCION PREVISIONAL,202004,18,15 - EJECUCION PREVISIONAL
JUZGADO FEDERAL DE LA SEGURIDAD SOCIAL 6-JUZGADO FEDERAL DE LA SEGURIDAD SOCIAL 6 - SECRETARIA Nº 1,WCF,17,P,PERSONAL MILITAR Y CIVIL DE LAS FFAA Y DE SEG,202004,25,17 - PERSONAL MILITAR Y CIVIL DE LAS FFAA Y DE SEG
JUZGADO FEDERAL DE LA SEGURIDAD SOCIAL 6-JUZGADO FEDERAL DE LA SEGURIDAD SOCIAL 6 - SECRETARIA Nº 1,WCF,3,P,PENSIONES,202004,2,3 - PENSIONES
JUZGADO FEDERAL DE LA SEGURIDAD SOCIAL 6-JUZGADO FEDERAL DE LA SEGURIDAD SOCIAL 6 - SECRETARIA Nº 1,WL1,ARH,I,ACUERDO TRANSACCIONAL,202004,3,ARH - ACUERDO TRANSACCIONAL (INDICENTE)
JUZGADO FEDERAL DE LA SEGURIDAD SOCIAL 6-JUZGADO FEDERAL DE LA SEGURIDAD SOCIAL 6 - SECRETARIA Nº 2,COM,19A,P,EJECUCION LEY 23660,202004,5,19A - EJECUCION LEY 23660
JUZGADO FEDERAL DE LA SEGURIDAD SOCIAL 6-JUZGADO FEDERAL DE LA SEGURIDAD SOCIAL 6 - SECRETARIA Nº 2,DEX,16,P,EJECUCION FISCAL,202004,24,16 - EJECUCION FISCAL
JUZGADO FEDERAL DE LA SEGURIDAD SOCIAL 6-JUZGADO FEDERAL DE LA SEGURIDAD SOCIAL 6 - SECRETARIA Nº 2,DEX,16A,P,EJECUCION FISCAL MINISTERIO DE TRABAJO,202004,7,16A - EJECUCION FISCAL MINISTERIO DE TRABAJO
JUZGADO FEDERAL DE LA SEGURIDAD SOCIAL 6-JUZGADO FEDERAL DE LA SEGURIDAD SOCIAL 6 - SECRETARIA Nº 2,DEX,19A,P,EJECUCION LEY 23660,202004,16,19A - EJECUCION LEY 23660
JUZGADO FEDERAL DE LA SEGURIDAD SOCIAL 6-JUZGADO FEDERAL DE LA SEGURIDAD SOCIAL 6 - SECRETARIA Nº 2,LET,16,P,EJECUCION FISCAL,202004,39,16 - EJECUCION FISCAL
JUZGADO FEDERAL DE LA SEGURIDAD SOCIAL 6-JUZGADO FEDERAL DE LA SEGURIDAD SOCIAL 6 - SECRETARIA Nº 2,LET,16A,P,EJECUCION FISCAL MINISTERIO DE TRABAJO,202004,7,16A - EJECUCION FISCAL MINISTERIO DE TRABAJO
JUZGADO FEDERAL DE LA SEGURIDAD SOCIAL 6-JUZGADO FEDERAL DE LA SEGURIDAD SOCIAL 6 - SECRETARIA Nº 2,LET,19,P,COBRO DE APORTES O CONTRIBUCIONES,202004,2,19 - COBRO DE APORTES O CONTRIBUCIONES
JUZGADO FEDERAL DE LA SEGURIDAD SOCIAL 6-JUZGADO FEDERAL DE LA SEGURIDAD SOCIAL 6 - SECRETARIA Nº 2,LET,19A,P,EJECUCION LEY 23660,202004,55,19A - EJECUCION LEY 23660
JUZGADO FEDERAL DE LA SEGURIDAD SOCIAL 7-JUZGADO FEDERAL DE LA SEGURIDAD SOCIAL 7 - SECRETARIA Nº 1,BAE,3,P,PENSIONES,202004,2,3 - PENSIONES
JUZGADO FEDERAL DE LA SEGURIDAD SOCIAL 7-JUZGADO FEDERAL DE LA SEGURIDAD SOCIAL 7 - SECRETARIA Nº 1,COR,C,P,PRESTACIONES VARIAS,202004,1,C - PRESTACIONES VARIAS
JUZGADO FEDERAL DE LA SEGURIDAD SOCIAL 7-JUZGADO FEDERAL DE LA SEGURIDAD SOCIAL 7 - SECRETARIA Nº 1,COR,13,P,AMPAROS Y SUMARISIMOS,202004,1,13 - AMPAROS Y SUMARISIMOS
JUZGADO FEDERAL DE LA SEGURIDAD SOCIAL 7-JUZGADO FEDERAL DE LA SEGURIDAD SOCIAL 7 - SECRETARIA Nº 1,DEX,1,P,AMPARO POR MORA DE LA ADMINISTRACION,202004,3,1 - AMPARO POR MORA DE LA ADMINISTRACION
JUZGADO FEDERAL DE LA SEGURIDAD SOCIAL 7-JUZGADO FEDERAL DE LA SEGURIDAD SOCIAL 7 - SECRETARIA Nº 1,DEX,11,P,REAJUSTES VARIOS,202004,387,11 - REAJUSTES VARIOS
JUZGADO FEDERAL DE LA SEGURIDAD SOCIAL 7-JUZGADO FEDERAL DE LA SEGURIDAD SOCIAL 7 - SECRETARIA Nº 1,DEX,12,P,OTROS - PREVISIONALES,202004,1,12 - OTROS - PREVISIONALES
JUZGADO FEDERAL DE LA SEGURIDAD SOCIAL 7-JUZGADO FEDERAL DE LA SEGURIDAD SOCIAL 7 - SECRETARIA Nº 1,DEX,12B,P,NULIDAD DE ACTO ADMINISTRATIVO,202004,1,12B - NULIDAD DE ACTO ADMINISTRATIVO
JUZGADO FEDERAL DE LA SEGURIDAD SOCIAL 7-JUZGADO FEDERAL DE LA SEGURIDAD SOCIAL 7 - SECRETARIA Nº 1,DEX,13,I,AMPAROS Y SUMARISIMOS,202004,1,13 - AMPAROS Y SUMARISIMOS
JUZGADO FEDERAL DE LA SEGURIDAD SOCIAL 7-JUZGADO FEDERAL DE LA SEGURIDAD SOCIAL 7 - SECRETARIA Nº 1,DEX,13,P,AMPAROS Y SUMARISIMOS,202004,7,13 - AMPAROS Y SUMARISIMOS
JUZGADO FEDERAL DE LA SEGURIDAD SOCIAL 7-JUZGADO FEDERAL DE LA SEGURIDAD SOCIAL 7 - SECRETARIA Nº 1,DEX,14,P,MEDIDAS CAUTELARES,202004,1,14 - MEDIDAS CAUTELARES
JUZGADO FEDERAL DE LA SEGURIDAD SOCIAL 7-JUZGADO FEDERAL DE LA SEGURIDAD SOCIAL 7 - SECRETARIA Nº 1,DEX,15,P,EJECUCION PREVISIONAL,202004,6,15 - EJECUCION PREVISIONAL
JUZGADO FEDERAL DE LA SEGURIDAD SOCIAL 7-JUZGADO FEDERAL DE LA SEGURIDAD SOCIAL 7 - SECRETARIA Nº 1,DEX,17,P,PERSONAL MILITAR Y CIVIL DE LAS FFAA Y DE SEG,202004,134,17 - PERSONAL MILITAR Y CIVIL DE LAS FFAA Y DE SEG
JUZGADO FEDERAL DE LA SEGURIDAD SOCIAL 7-JUZGADO FEDERAL DE LA SEGURIDAD SOCIAL 7 - SECRETARIA Nº 1,DEX,3,P,PENSIONES,202004,6,3 - PENSIONES
JUZGADO FEDERAL DE LA SEGURIDAD SOCIAL 7-JUZGADO FEDERAL DE LA SEGURIDAD SOCIAL 7 - SECRETARIA Nº 1,DEX,37,P,ACCION MERAMENTE DECLARATIVA,202004,1,37 - ACCION MERAMENTE DECLARATIVA
JUZGADO FEDERAL DE LA SEGURIDAD SOCIAL 7-JUZGADO FEDERAL DE LA SEGURIDAD SOCIAL 7 - SECRETARIA Nº 1,DEX,38,P,COBRO DE PESOS,202004,2,38 - COBRO DE PESOS
JUZGADO FEDERAL DE LA SEGURIDAD SOCIAL 7-JUZGADO FEDERAL DE LA SEGURIDAD SOCIAL 7 - SECRETARIA Nº 1,DEX,39,P,INFORMACION SUMARIA,202004,1,39 - INFORMACION SUMARIA
JUZGADO FEDERAL DE LA SEGURIDAD SOCIAL 7-JUZGADO FEDERAL DE LA SEGURIDAD SOCIAL 7 - SECRETARIA Nº 1,ELE,11,P,REAJUSTES VARIOS,202004,2,11 - REAJUSTES VARIOS
JUZGADO FEDERAL DE LA SEGURIDAD SOCIAL 7-JUZGADO FEDERAL DE LA SEGURIDAD SOCIAL 7 - SECRETARIA Nº 1,LET,11,P,REAJUSTES VARIOS,202004,59,11 - REAJUSTES VARIOS
JUZGADO FEDERAL DE LA SEGURIDAD SOCIAL 7-JUZGADO FEDERAL DE LA SEGURIDAD SOCIAL 7 - SECRETARIA Nº 1,LET,15,P,EJECUCION PREVISIONAL,202004,1,15 - EJECUCION PREVISIONAL
JUZGADO FEDERAL DE LA SEGURIDAD SOCIAL 7-JUZGADO FEDERAL DE LA SEGURIDAD SOCIAL 7 - SECRETARIA Nº 1,LET,17,P,PERSONAL MILITAR Y CIVIL DE LAS FFAA Y DE SEG,202004,37,17 - PERSONAL MILITAR Y CIVIL DE LAS FFAA Y DE SEG
JUZGADO FEDERAL DE LA SEGURIDAD SOCIAL 7-JUZGADO FEDERAL DE LA SEGURIDAD SOCIAL 7 - SECRETARIA Nº 1,LET,39,P,INFORMACION SUMARIA,202004,1,39 - INFORMACION SUMARIA
JUZGADO FEDERAL DE LA SEGURIDAD SOCIAL 7-JUZGADO FEDERAL DE LA SEGURIDAD SOCIAL 7 - SECRETARIA Nº 1,NTF,11,P,REAJUSTES VARIOS,202004,30,11 - REAJUSTES VARIOS
JUZGADO FEDERAL DE LA SEGURIDAD SOCIAL 7-JUZGADO FEDERAL DE LA SEGURIDAD SOCIAL 7 - SECRETARIA Nº 1,NTF,17,P,PERSONAL MILITAR Y CIVIL DE LAS FFAA Y DE SEG,202004,20,17 - PERSONAL MILITAR Y CIVIL DE LAS FFAA Y DE SEG
JUZGADO FEDERAL DE LA SEGURIDAD SOCIAL 7-JUZGADO FEDERAL DE LA SEGURIDAD SOCIAL 7 - SECRETARIA Nº 1,PAS,11,P,REAJUSTES VARIOS,202004,1,11 - REAJUSTES VARIOS
JUZGADO FEDERAL DE LA SEGURIDAD SOCIAL 7-JUZGADO FEDERAL DE LA SEGURIDAD SOCIAL 7 - SECRETARIA Nº 1,SIT,11,P,REAJUSTES VARIOS,202004,5,11 - REAJUSTES VARIOS
JUZGADO FEDERAL DE LA SEGURIDAD SOCIAL 7-JUZGADO FEDERAL DE LA SEGURIDAD SOCIAL 7 - SECRETARIA Nº 1,WL1,17,P,PERSONAL MILITAR Y CIVIL DE LAS FFAA Y DE SEG,202004,5,17 - PERSONAL MILITAR Y CIVIL DE LAS FFAA Y DE SEG
JUZGADO FEDERAL DE LA SEGURIDAD SOCIAL 7-JUZGADO FEDERAL DE LA SEGURIDAD SOCIAL 7 - SECRETARIA Nº 2,DEX,16,P,EJECUCION FISCAL,202004,170,16 - EJECUCION FISCAL
JUZGADO FEDERAL DE LA SEGURIDAD SOCIAL 7-JUZGADO FEDERAL DE LA SEGURIDAD SOCIAL 7 - SECRETARIA Nº 2,DEX,16B,P,EJECUCION FISCAL DEL RENATRE,202004,2,16B - EJECUCION FISCAL DEL RENATRE
JUZGADO FEDERAL DE LA SEGURIDAD SOCIAL 7-JUZGADO FEDERAL DE LA SEGURIDAD SOCIAL 7 - SECRETARIA Nº 2,DEX,19,P,COBRO DE APORTES O CONTRIBUCIONES,202004,1,19 - COBRO DE APORTES O CONTRIBUCIONES
JUZGADO FEDERAL DE LA SEGURIDAD SOCIAL 7-JUZGADO FEDERAL DE LA SEGURIDAD SOCIAL 7 - SECRETARIA Nº 2,DEX,19A,P,EJECUCION LEY 23660,202004,57,19A - EJECUCION LEY 23660
JUZGADO FEDERAL DE LA SEGURIDAD SOCIAL 7-JUZGADO FEDERAL DE LA SEGURIDAD SOCIAL 7 - SECRETARIA Nº 2,DEX,19D,P,EJECUCION LEY 22804 Y CONCORDANTES,202004,2,19D - EJECUCION LEY 22804 Y CONCORDANTES
JUZGADO FEDERAL DE LA SEGURIDAD SOCIAL 8-JUZGADO FEDERAL DE LA SEGURIDAD SOCIAL 8 - SECRETARIA Nº 1,CDA,C,P,PRESTACIONES VARIAS,202004,3,C - PRESTACIONES VARIAS
JUZGADO FEDERAL DE LA SEGURIDAD SOCIAL 8-JUZGADO FEDERAL DE LA SEGURIDAD SOCIAL 8 - SECRETARIA Nº 1,CDA,11,P,REAJUSTES VARIOS,202004,7,11 - REAJUSTES VARIOS
JUZGADO FEDERAL DE LA SEGURIDAD SOCIAL 8-JUZGADO FEDERAL DE LA SEGURIDAD SOCIAL 8 - SECRETARIA Nº 1,CDA,3,P,PENSIONES,202004,8,3 - PENSIONES
JUZGADO FEDERAL DE LA SEGURIDAD SOCIAL 8-JUZGADO FEDERAL DE LA SEGURIDAD SOCIAL 8 - SECRETARIA Nº 1,CFT,11,P,REAJUSTES VARIOS,202004,2,11 - REAJUSTES VARIOS
JUZGADO FEDERAL DE LA SEGURIDAD SOCIAL 8-JUZGADO FEDERAL DE LA SEGURIDAD SOCIAL 8 - SECRETARIA Nº 1,CFT,17,P,PERSONAL MILITAR Y CIVIL DE LAS FFAA Y DE SEG,202004,2,17 - PERSONAL MILITAR Y CIVIL DE LAS FFAA Y DE SEG
JUZGADO FEDERAL DE LA SEGURIDAD SOCIAL 8-JUZGADO FEDERAL DE LA SEGURIDAD SOCIAL 8 - SECRETARIA Nº 1,CFT,40,P,INCONSTITUCIONALIDADES VARIAS,202004,1,40 - INCONSTITUCIONALIDADES VARIAS
JUZGADO FEDERAL DE LA SEGURIDAD SOCIAL 8-JUZGADO FEDERAL DE LA SEGURIDAD SOCIAL 8 - SECRETARIA Nº 1,COR,11,P,REAJUSTES VARIOS,202004,2,11 - REAJUSTES VARIOS
JUZGADO FEDERAL DE LA SEGURIDAD SOCIAL 8-JUZGADO FEDERAL DE LA SEGURIDAD SOCIAL 8 - SECRETARIA Nº 1,COR,17,P,PERSONAL MILITAR Y CIVIL DE LAS FFAA Y DE SEG,202004,1,17 - PERSONAL MILITAR Y CIVIL DE LAS FFAA Y DE SEG
JUZGADO FEDERAL DE LA SEGURIDAD SOCIAL 8-JUZGADO FEDERAL DE LA SEGURIDAD SOCIAL 8 - SECRETARIA Nº 1,DEX,A,P,JUBILACION Y RETIRO POR INVALIDEZ,202004,5,A - JUBILACION Y RETIRO POR INVALIDEZ
JUZGADO FEDERAL DE LA SEGURIDAD SOCIAL 8-JUZGADO FEDERAL DE LA SEGURIDAD SOCIAL 8 - SECRETARIA Nº 1,DEX,ARH,I,ACUERDO TRANSACCIONAL,202004,13,ARH - ACUERDO TRANSACCIONAL (INDICENTE)
JUZGADO FEDERAL DE LA SEGURIDAD SOCIAL 8-JUZGADO FEDERAL DE LA SEGURIDAD SOCIAL 8 - SECRETARIA Nº 1,DEX,ARH,P,ACUERDO TRANSACCIONAL,202004,2,ARH - ACUERDO TRANSACCIONAL
JUZGADO FEDERAL DE LA SEGURIDAD SOCIAL 8-JUZGADO FEDERAL DE LA SEGURIDAD SOCIAL 8 - SECRETARIA Nº 1,DEX,C,P,PRESTACIONES VARIAS,202004,2,C - PRESTACIONES VARIAS
JUZGADO FEDERAL DE LA SEGURIDAD SOCIAL 8-JUZGADO FEDERAL DE LA SEGURIDAD SOCIAL 8 - SECRETARIA Nº 1,DEX,1,P,AMPARO POR MORA DE LA ADMINISTRACION,202004,2,1 - AMPARO POR MORA DE LA ADMINISTRACION
JUZGADO FEDERAL DE LA SEGURIDAD SOCIAL 8-JUZGADO FEDERAL DE LA SEGURIDAD SOCIAL 8 - SECRETARIA Nº 1,DEX,11,I,REAJUSTES VARIOS,202004,1,11 - REAJUSTES VARIOS
JUZGADO FEDERAL DE LA SEGURIDAD SOCIAL 8-JUZGADO FEDERAL DE LA SEGURIDAD SOCIAL 8 - SECRETARIA Nº 1,DEX,11,P,REAJUSTES VARIOS,202004,417,11 - REAJUSTES VARIOS
JUZGADO FEDERAL DE LA SEGURIDAD SOCIAL 8-JUZGADO FEDERAL DE LA SEGURIDAD SOCIAL 8 - SECRETARIA Nº 1,DEX,12,P,OTROS - PREVISIONALES,202004,1,12 - OTROS - PREVISIONALES
JUZGADO FEDERAL DE LA SEGURIDAD SOCIAL 8-JUZGADO FEDERAL DE LA SEGURIDAD SOCIAL 8 - SECRETARIA Nº 1,DEX,12B,P,NULIDAD DE ACTO ADMINISTRATIVO,202004,2,12B - NULIDAD DE ACTO ADMINISTRATIVO
JUZGADO FEDERAL DE LA SEGURIDAD SOCIAL 8-JUZGADO FEDERAL DE LA SEGURIDAD SOCIAL 8 - SECRETARIA Nº 1,DEX,12D,P,RENTA VITALICIA,202004,1,12D - RENTA VITALICIA
JUZGADO FEDERAL DE LA SEGURIDAD SOCIAL 8-JUZGADO FEDERAL DE LA SEGURIDAD SOCIAL 8 - SECRETARIA Nº 1,DEX,13,P,AMPAROS Y SUMARISIMOS,202004,26,13 - AMPAROS Y SUMARISIMOS
JUZGADO FEDERAL DE LA SEGURIDAD SOCIAL 8-JUZGADO FEDERAL DE LA SEGURIDAD SOCIAL 8 - SECRETARIA Nº 1,DEX,14,P,MEDIDAS CAUTELARES,202004,1,14 - MEDIDAS CAUTELARES
JUZGADO FEDERAL DE LA SEGURIDAD SOCIAL 8-JUZGADO FEDERAL DE LA SEGURIDAD SOCIAL 8 - SECRETARIA Nº 1,DEX,15,P,EJECUCION PREVISIONAL,202004,9,15 - EJECUCION PREVISIONAL
JUZGADO FEDERAL DE LA SEGURIDAD SOCIAL 8-JUZGADO FEDERAL DE LA SEGURIDAD SOCIAL 8 - SECRETARIA Nº 1,DEX,17,P,PERSONAL MILITAR Y CIVIL DE LAS FFAA Y DE SEG,202004,72,17 - PERSONAL MILITAR Y CIVIL DE LAS FFAA Y DE SEG
JUZGADO FEDERAL DE LA SEGURIDAD SOCIAL 8-JUZGADO FEDERAL DE LA SEGURIDAD SOCIAL 8 - SECRETARIA Nº 1,DEX,3,P,PENSIONES,202004,14,3 - PENSIONES
JUZGADO FEDERAL DE LA SEGURIDAD SOCIAL 8-JUZGADO FEDERAL DE LA SEGURIDAD SOCIAL 8 - SECRETARIA Nº 1,DEX,37,P,ACCION MERAMENTE DECLARATIVA,202004,2,37 - ACCION MERAMENTE DECLARATIVA
JUZGADO FEDERAL DE LA SEGURIDAD SOCIAL 8-JUZGADO FEDERAL DE LA SEGURIDAD SOCIAL 8 - SECRETARIA Nº 1,DEX,39,P,INFORMACION SUMARIA,202004,1,39 - INFORMACION SUMARIA
JUZGADO FEDERAL DE LA SEGURIDAD SOCIAL 8-JUZGADO FEDERAL DE LA SEGURIDAD SOCIAL 8 - SECRETARIA Nº 1,DEX,40,P,INCONSTITUCIONALIDADES VARIAS,202004,4,40 - INCONSTITUCIONALIDADES VARIAS
JUZGADO FEDERAL DE LA SEGURIDAD SOCIAL 8-JUZGADO FEDERAL DE LA SEGURIDAD SOCIAL 8 - SECRETARIA Nº 1,ERI,17,P,PERSONAL MILITAR Y CIVIL DE LAS FFAA Y DE SEG,202004,3,17 - PERSONAL MILITAR Y CIVIL DE LAS FFAA Y DE SEG
JUZGADO FEDERAL DE LA SEGURIDAD SOCIAL 8-JUZGADO FEDERAL DE LA SEGURIDAD SOCIAL 8 - SECRETARIA Nº 1,ERR,17,P,PERSONAL MILITAR Y CIVIL DE LAS FFAA Y DE SEG,202004,16,17 - PERSONAL MILITAR Y CIVIL DE LAS FFAA Y DE SEG
JUZGADO FEDERAL DE LA SEGURIDAD SOCIAL 8-JUZGADO FEDERAL DE LA SEGURIDAD SOCIAL 8 - SECRETARIA Nº 1,LET,A,P,JUBILACION Y RETIRO POR INVALIDEZ,202004,6,A - JUBILACION Y RETIRO POR INVALIDEZ
JUZGADO FEDERAL DE LA SEGURIDAD SOCIAL 8-JUZGADO FEDERAL DE LA SEGURIDAD SOCIAL 8 - SECRETARIA Nº 1,LET,ARH,I,ACUERDO TRANSACCIONAL,202004,10,ARH - ACUERDO TRANSACCIONAL (INDICENTE)
JUZGADO FEDERAL DE LA SEGURIDAD SOCIAL 8-JUZGADO FEDERAL DE LA SEGURIDAD SOCIAL 8 - SECRETARIA Nº 1,LET,ARH,P,ACUERDO TRANSACCIONAL,202004,2,ARH - ACUERDO TRANSACCIONAL
JUZGADO FEDERAL DE LA SEGURIDAD SOCIAL 8-JUZGADO FEDERAL DE LA SEGURIDAD SOCIAL 8 - SECRETARIA Nº 1,LET,C,P,PRESTACIONES VARIAS,202004,12,C - PRESTACIONES VARIAS
JUZGADO FEDERAL DE LA SEGURIDAD SOCIAL 8-JUZGADO FEDERAL DE LA SEGURIDAD SOCIAL 8 - SECRETARIA Nº 1,LET,1,P,AMPARO POR MORA DE LA ADMINISTRACION,202004,5,1 - AMPARO POR MORA DE LA ADMINISTRACION
JUZGADO FEDERAL DE LA SEGURIDAD SOCIAL 8-JUZGADO FEDERAL DE LA SEGURIDAD SOCIAL 8 - SECRETARIA Nº 1,LET,10,P,PROCESO DE CONOCIMIENTO,202004,1,10 - PROCESO DE CONOCIMIENTO
JUZGADO FEDERAL DE LA SEGURIDAD SOCIAL 8-JUZGADO FEDERAL DE LA SEGURIDAD SOCIAL 8 - SECRETARIA Nº 1,LET,11,I,REAJUSTES VARIOS,202004,2,11 - REAJUSTES VARIOS
JUZGADO FEDERAL DE LA SEGURIDAD SOCIAL 8-JUZGADO FEDERAL DE LA SEGURIDAD SOCIAL 8 - SECRETARIA Nº 1,LET,11,P,REAJUSTES VARIOS,202004,1044,11 - REAJUSTES VARIOS
JUZGADO FEDERAL DE LA SEGURIDAD SOCIAL 8-JUZGADO FEDERAL DE LA SEGURIDAD SOCIAL 8 - SECRETARIA Nº 1,LET,12,P,OTROS - PREVISIONALES,202004,2,12 - OTROS - PREVISIONALES
JUZGADO FEDERAL DE LA SEGURIDAD SOCIAL 8-JUZGADO FEDERAL DE LA SEGURIDAD SOCIAL 8 - SECRETARIA Nº 1,LET,12B,P,NULIDAD DE ACTO ADMINISTRATIVO,202004,3,12B - NULIDAD DE ACTO ADMINISTRATIVO
JUZGADO FEDERAL DE LA SEGURIDAD SOCIAL 8-JUZGADO FEDERAL DE LA SEGURIDAD SOCIAL 8 - SECRETARIA Nº 1,LET,12C,P,ACCION DE REPETICION,202004,1,12C - ACCION DE REPETICION
JUZGADO FEDERAL DE LA SEGURIDAD SOCIAL 8-JUZGADO FEDERAL DE LA SEGURIDAD SOCIAL 8 - SECRETARIA Nº 1,LET,12D,P,RENTA VITALICIA,202004,1,12D - RENTA VITALICIA
JUZGADO FEDERAL DE LA SEGURIDAD SOCIAL 8-JUZGADO FEDERAL DE LA SEGURIDAD SOCIAL 8 - SECRETARIA Nº 1,LET,13,P,AMPAROS Y SUMARISIMOS,202004,44,13 - AMPAROS Y SUMARISIMOS
JUZGADO FEDERAL DE LA SEGURIDAD SOCIAL 8-JUZGADO FEDERAL DE LA SEGURIDAD SOCIAL 8 - SECRETARIA Nº 1,LET,14,P,MEDIDAS CAUTELARES,202004,2,14 - MEDIDAS CAUTELARES
JUZGADO FEDERAL DE LA SEGURIDAD SOCIAL 8-JUZGADO FEDERAL DE LA SEGURIDAD SOCIAL 8 - SECRETARIA Nº 1,LET,15,P,EJECUCION PREVISIONAL,202004,53,15 - EJECUCION PREVISIONAL
JUZGADO FEDERAL DE LA SEGURIDAD SOCIAL 8-JUZGADO FEDERAL DE LA SEGURIDAD SOCIAL 8 - SECRETARIA Nº 1,LET,17,P,PERSONAL MILITAR Y CIVIL DE LAS FFAA Y DE SEG,202004,349,17 - PERSONAL MILITAR Y CIVIL DE LAS FFAA Y DE SEG
JUZGADO FEDERAL DE LA SEGURIDAD SOCIAL 8-JUZGADO FEDERAL DE LA SEGURIDAD SOCIAL 8 - SECRETARIA Nº 1,LET,3,P,PENSIONES,202004,33,3 - PENSIONES
JUZGADO FEDERAL DE LA SEGURIDAD SOCIAL 8-JUZGADO FEDERAL DE LA SEGURIDAD SOCIAL 8 - SECRETARIA Nº 1,LET,37,P,ACCION MERAMENTE DECLARATIVA,202004,4,37 - ACCION MERAMENTE DECLARATIVA
JUZGADO FEDERAL DE LA SEGURIDAD SOCIAL 8-JUZGADO FEDERAL DE LA SEGURIDAD SOCIAL 8 - SECRETARIA Nº 1,LET,38,P,COBRO DE PESOS,202004,2,38 - COBRO DE PESOS
JUZGADO FEDERAL DE LA SEGURIDAD SOCIAL 8-JUZGADO FEDERAL DE LA SEGURIDAD SOCIAL 8 - SECRETARIA Nº 1,LET,39,P,INFORMACION SUMARIA,202004,1,39 - INFORMACION SUMARIA
JUZGADO FEDERAL DE LA SEGURIDAD SOCIAL 8-JUZGADO FEDERAL DE LA SEGURIDAD SOCIAL 8 - SECRETARIA Nº 1,LET,40,P,INCONSTITUCIONALIDADES VARIAS,202004,6,40 - INCONSTITUCIONALIDADES VARIAS
JUZGADO FEDERAL DE LA SEGURIDAD SOCIAL 8-JUZGADO FEDERAL DE LA SEGURIDAD SOCIAL 8 - SECRETARIA Nº 1,NTF,11,P,REAJUSTES VARIOS,202004,1,11 - REAJUSTES VARIOS
JUZGADO FEDERAL DE LA SEGURIDAD SOCIAL 8-JUZGADO FEDERAL DE LA SEGURIDAD SOCIAL 8 - SECRETARIA Nº 1,NTF,17,P,PERSONAL MILITAR Y CIVIL DE LAS FFAA Y DE SEG,202004,4,17 - PERSONAL MILITAR Y CIVIL DE LAS FFAA Y DE SEG
JUZGADO FEDERAL DE LA SEGURIDAD SOCIAL 8-JUZGADO FEDERAL DE LA SEGURIDAD SOCIAL 8 - SECRETARIA Nº 1,PAS,17,P,PERSONAL MILITAR Y CIVIL DE LAS FFAA Y DE SEG,202004,16,17 - PERSONAL MILITAR Y CIVIL DE LAS FFAA Y DE SEG
JUZGADO FEDERAL DE LA SEGURIDAD SOCIAL 8-JUZGADO FEDERAL DE LA SEGURIDAD SOCIAL 8 - SECRETARIA Nº 1,VIF,13,P,AMPAROS Y SUMARISIMOS,202004,4,13 - AMPAROS Y SUMARISIMOS
JUZGADO FEDERAL DE LA SEGURIDAD SOCIAL 8-JUZGADO FEDERAL DE LA SEGURIDAD SOCIAL 8 - SECRETARIA Nº 1,WCF,17,P,PERSONAL MILITAR Y CIVIL DE LAS FFAA Y DE SEG,202004,1,17 - PERSONAL MILITAR Y CIVIL DE LAS FFAA Y DE SEG
JUZGADO FEDERAL DE LA SEGURIDAD SOCIAL 8-JUZGADO FEDERAL DE LA SEGURIDAD SOCIAL 8 - SECRETARIA Nº 1,WL1,17,P,PERSONAL MILITAR Y CIVIL DE LAS FFAA Y DE SEG,202004,2,17 - PERSONAL MILITAR Y CIVIL DE LAS FFAA Y DE SEG
JUZGADO FEDERAL DE LA SEGURIDAD SOCIAL 8-JUZGADO FEDERAL DE LA SEGURIDAD SOCIAL 8 - SECRETARIA Nº 2,DEO,16,P,EJECUCION FISCAL,202004,2,16 - EJECUCION FISCAL
JUZGADO FEDERAL DE LA SEGURIDAD SOCIAL 8-JUZGADO FEDERAL DE LA SEGURIDAD SOCIAL 8 - SECRETARIA Nº 2,DEX,16,P,EJECUCION FISCAL,202004,6,16 - EJECUCION FISCAL
JUZGADO FEDERAL DE LA SEGURIDAD SOCIAL 8-JUZGADO FEDERAL DE LA SEGURIDAD SOCIAL 8 - SECRETARIA Nº 2,DEX,16A,P,EJECUCION FISCAL MINISTERIO DE TRABAJO,202004,8,16A - EJECUCION FISCAL MINISTERIO DE TRABAJO
JUZGADO FEDERAL DE LA SEGURIDAD SOCIAL 8-JUZGADO FEDERAL DE LA SEGURIDAD SOCIAL 8 - SECRETARIA Nº 2,DEX,19A,P,EJECUCION LEY 23660,202004,5,19A - EJECUCION LEY 23660
JUZGADO FEDERAL DE LA SEGURIDAD SOCIAL 8-JUZGADO FEDERAL DE LA SEGURIDAD SOCIAL 8 - SECRETARIA Nº 2,LET,16,P,EJECUCION FISCAL,202004,20,16 - EJECUCION FISCAL
JUZGADO FEDERAL DE LA SEGURIDAD SOCIAL 8-JUZGADO FEDERAL DE LA SEGURIDAD SOCIAL 8 - SECRETARIA Nº 2,LET,16A,P,EJECUCION FISCAL MINISTERIO DE TRABAJO,202004,2,16A - EJECUCION FISCAL MINISTERIO DE TRABAJO
JUZGADO FEDERAL DE LA SEGURIDAD SOCIAL 8-JUZGADO FEDERAL DE LA SEGURIDAD SOCIAL 8 - SECRETARIA Nº 2,LET,19A,P,EJECUCION LEY 23660,202004,6,19A - EJECUCION LEY 23660
JUZGADO FEDERAL DE LA SEGURIDAD SOCIAL 9-,DEX,ARH,P,ACUERDO TRANSACCIONAL,202004,1,ARH - ACUERDO TRANSACCIONAL
JUZGADO FEDERAL DE LA SEGURIDAD SOCIAL 9-,WF6,ARH,P,ACUERDO TRANSACCIONAL,202004,1,ARH - ACUERDO TRANSACCIONAL
JUZGADO FEDERAL DE LA SEGURIDAD SOCIAL 9-JUZGADO FEDERAL DE LA SEGURIDAD SOCIAL 9 - SECRETARIA Nº 1,COM,11,P,REAJUSTES VARIOS,202004,2,11 - REAJUSTES VARIOS
JUZGADO FEDERAL DE LA SEGURIDAD SOCIAL 9-JUZGADO FEDERAL DE LA SEGURIDAD SOCIAL 9 - SECRETARIA Nº 1,CRE,11,P,REAJUSTES VARIOS,202004,1,11 - REAJUSTES VARIOS
JUZGADO FEDERAL DE LA SEGURIDAD SOCIAL 9-JUZGADO FEDERAL DE LA SEGURIDAD SOCIAL 9 - SECRETARIA Nº 1,DEX,ARH,I,ACUERDO TRANSACCIONAL,202004,6,ARH - ACUERDO TRANSACCIONAL (INDICENTE)
JUZGADO FEDERAL DE LA SEGURIDAD SOCIAL 9-JUZGADO FEDERAL DE LA SEGURIDAD SOCIAL 9 - SECRETARIA Nº 1,DEX,ARH,P,ACUERDO TRANSACCIONAL,202004,2,ARH - ACUERDO TRANSACCIONAL
JUZGADO FEDERAL DE LA SEGURIDAD SOCIAL 9-JUZGADO FEDERAL DE LA SEGURIDAD SOCIAL 9 - SECRETARIA Nº 1,DEX,C,P,PRESTACIONES VARIAS,202004,6,C - PRESTACIONES VARIAS
JUZGADO FEDERAL DE LA SEGURIDAD SOCIAL 9-JUZGADO FEDERAL DE LA SEGURIDAD SOCIAL 9 - SECRETARIA Nº 1,DEX,CA7,P,CONTENCIOSO ADMINISTRATIVO-VARIOS,202004,1,CA7 - CONTENCIOSO ADMINISTRATIVO-VARIOS
JUZGADO FEDERAL DE LA SEGURIDAD SOCIAL 9-JUZGADO FEDERAL DE LA SEGURIDAD SOCIAL 9 - SECRETARIA Nº 1,DEX,1,P,AMPARO POR MORA DE LA ADMINISTRACION,202004,2,1 - AMPARO POR MORA DE LA ADMINISTRACION
JUZGADO FEDERAL DE LA SEGURIDAD SOCIAL 9-JUZGADO FEDERAL DE LA SEGURIDAD SOCIAL 9 - SECRETARIA Nº 1,DEX,11,I,REAJUSTES VARIOS,202004,2,11 - REAJUSTES VARIOS
JUZGADO FEDERAL DE LA SEGURIDAD SOCIAL 9-JUZGADO FEDERAL DE LA SEGURIDAD SOCIAL 9 - SECRETARIA Nº 1,DEX,11,P,REAJUSTES VARIOS,202004,366,11 - REAJUSTES VARIOS
JUZGADO FEDERAL DE LA SEGURIDAD SOCIAL 9-JUZGADO FEDERAL DE LA SEGURIDAD SOCIAL 9 - SECRETARIA Nº 1,DEX,12,P,OTROS - PREVISIONALES,202004,1,12 - OTROS - PREVISIONALES
JUZGADO FEDERAL DE LA SEGURIDAD SOCIAL 9-JUZGADO FEDERAL DE LA SEGURIDAD SOCIAL 9 - SECRETARIA Nº 1,DEX,13,P,AMPAROS Y SUMARISIMOS,202004,8,13 - AMPAROS Y SUMARISIMOS
JUZGADO FEDERAL DE LA SEGURIDAD SOCIAL 9-JUZGADO FEDERAL DE LA SEGURIDAD SOCIAL 9 - SECRETARIA Nº 1,DEX,15,P,EJECUCION PREVISIONAL,202004,13,15 - EJECUCION PREVISIONAL
JUZGADO FEDERAL DE LA SEGURIDAD SOCIAL 9-JUZGADO FEDERAL DE LA SEGURIDAD SOCIAL 9 - SECRETARIA Nº 1,DEX,17,I,PERSONAL MILITAR Y CIVIL DE LAS FFAA Y DE SEG,202004,1,17 - PERSONAL MILITAR Y CIVIL DE LAS FFAA Y DE SEG
JUZGADO FEDERAL DE LA SEGURIDAD SOCIAL 9-JUZGADO FEDERAL DE LA SEGURIDAD SOCIAL 9 - SECRETARIA Nº 1,DEX,17,P,PERSONAL MILITAR Y CIVIL DE LAS FFAA Y DE SEG,202004,51,17 - PERSONAL MILITAR Y CIVIL DE LAS FFAA Y DE SEG
JUZGADO FEDERAL DE LA SEGURIDAD SOCIAL 9-JUZGADO FEDERAL DE LA SEGURIDAD SOCIAL 9 - SECRETARIA Nº 1,DEX,3,P,PENSIONES,202004,4,3 - PENSIONES
JUZGADO FEDERAL DE LA SEGURIDAD SOCIAL 9-JUZGADO FEDERAL DE LA SEGURIDAD SOCIAL 9 - SECRETARIA Nº 1,DEX,37,P,ACCION MERAMENTE DECLARATIVA,202004,1,37 - ACCION MERAMENTE DECLARATIVA
JUZGADO FEDERAL DE LA SEGURIDAD SOCIAL 9-JUZGADO FEDERAL DE LA SEGURIDAD SOCIAL 9 - SECRETARIA Nº 1,DEX,38,P,COBRO DE PESOS,202004,2,38 - COBRO DE PESOS
JUZGADO FEDERAL DE LA SEGURIDAD SOCIAL 9-JUZGADO FEDERAL DE LA SEGURIDAD SOCIAL 9 - SECRETARIA Nº 1,DEX,40,P,INCONSTITUCIONALIDADES VARIAS,202004,1,40 - INCONSTITUCIONALIDADES VARIAS
JUZGADO FEDERAL DE LA SEGURIDAD SOCIAL 9-JUZGADO FEDERAL DE LA SEGURIDAD SOCIAL 9 - SECRETARIA Nº 1,ELE,11,P,REAJUSTES VARIOS,202004,1,11 - REAJUSTES VARIOS
JUZGADO FEDERAL DE LA SEGURIDAD SOCIAL 9-JUZGADO FEDERAL DE LA SEGURIDAD SOCIAL 9 - SECRETARIA Nº 1,LET,C,P,PRESTACIONES VARIAS,202004,9,C - PRESTACIONES VARIAS
JUZGADO FEDERAL DE LA SEGURIDAD SOCIAL 9-JUZGADO FEDERAL DE LA SEGURIDAD SOCIAL 9 - SECRETARIA Nº 1,LET,11,I,REAJUSTES VARIOS,202004,2,11 - REAJUSTES VARIOS
JUZGADO FEDERAL DE LA SEGURIDAD SOCIAL 9-JUZGADO FEDERAL DE LA SEGURIDAD SOCIAL 9 - SECRETARIA Nº 1,LET,11,P,REAJUSTES VARIOS,202004,577,11 - REAJUSTES VARIOS
JUZGADO FEDERAL DE LA SEGURIDAD SOCIAL 9-JUZGADO FEDERAL DE LA SEGURIDAD SOCIAL 9 - SECRETARIA Nº 1,LET,13,P,AMPAROS Y SUMARISIMOS,202004,1,13 - AMPAROS Y SUMARISIMOS
JUZGADO FEDERAL DE LA SEGURIDAD SOCIAL 9-JUZGADO FEDERAL DE LA SEGURIDAD SOCIAL 9 - SECRETARIA Nº 1,LET,15,P,EJECUCION PREVISIONAL,202004,11,15 - EJECUCION PREVISIONAL
JUZGADO FEDERAL DE LA SEGURIDAD SOCIAL 9-JUZGADO FEDERAL DE LA SEGURIDAD SOCIAL 9 - SECRETARIA Nº 1,LET,17,I,PERSONAL MILITAR Y CIVIL DE LAS FFAA Y DE SEG,202004,1,17 - PERSONAL MILITAR Y CIVIL DE LAS FFAA Y DE SEG
JUZGADO FEDERAL DE LA SEGURIDAD SOCIAL 9-JUZGADO FEDERAL DE LA SEGURIDAD SOCIAL 9 - SECRETARIA Nº 1,LET,17,P,PERSONAL MILITAR Y CIVIL DE LAS FFAA Y DE SEG,202004,40,17 - PERSONAL MILITAR Y CIVIL DE LAS FFAA Y DE SEG
JUZGADO FEDERAL DE LA SEGURIDAD SOCIAL 9-JUZGADO FEDERAL DE LA SEGURIDAD SOCIAL 9 - SECRETARIA Nº 1,LET,3,P,PENSIONES,202004,4,3 - PENSIONES
JUZGADO FEDERAL DE LA SEGURIDAD SOCIAL 9-JUZGADO FEDERAL DE LA SEGURIDAD SOCIAL 9 - SECRETARIA Nº 1,LET,37,P,ACCION MERAMENTE DECLARATIVA,202004,1,37 - ACCION MERAMENTE DECLARATIVA
JUZGADO FEDERAL DE LA SEGURIDAD SOCIAL 9-JUZGADO FEDERAL DE LA SEGURIDAD SOCIAL 9 - SECRETARIA Nº 1,LET,38,P,COBRO DE PESOS,202004,2,38 - COBRO DE PESOS
JUZGADO FEDERAL DE LA SEGURIDAD SOCIAL 9-JUZGADO FEDERAL DE LA SEGURIDAD SOCIAL 9 - SECRETARIA Nº 1,NTF,C,P,PRESTACIONES VARIAS,202004,1,C - PRESTACIONES VARIAS
JUZGADO FEDERAL DE LA SEGURIDAD SOCIAL 9-JUZGADO FEDERAL DE LA SEGURIDAD SOCIAL 9 - SECRETARIA Nº 1,NTF,11,P,REAJUSTES VARIOS,202004,36,11 - REAJUSTES VARIOS
JUZGADO FEDERAL DE LA SEGURIDAD SOCIAL 9-JUZGADO FEDERAL DE LA SEGURIDAD SOCIAL 9 - SECRETARIA Nº 1,NTF,13,P,AMPAROS Y SUMARISIMOS,202004,1,13 - AMPAROS Y SUMARISIMOS
JUZGADO FEDERAL DE LA SEGURIDAD SOCIAL 9-JUZGADO FEDERAL DE LA SEGURIDAD SOCIAL 9 - SECRETARIA Nº 1,NTF,17,P,PERSONAL MILITAR Y CIVIL DE LAS FFAA Y DE SEG,202004,12,17 - PERSONAL MILITAR Y CIVIL DE LAS FFAA Y DE SEG
JUZGADO FEDERAL DE LA SEGURIDAD SOCIAL 9-JUZGADO FEDERAL DE LA SEGURIDAD SOCIAL 9 - SECRETARIA Nº 1,NTF,3,P,PENSIONES,202004,1,3 - PENSIONES
JUZGADO FEDERAL DE LA SEGURIDAD SOCIAL 9-JUZGADO FEDERAL DE LA SEGURIDAD SOCIAL 9 - SECRETARIA Nº 1,NTF,38,P,COBRO DE PESOS,202004,1,38 - COBRO DE PESOS
JUZGADO FEDERAL DE LA SEGURIDAD SOCIAL 9-JUZGADO FEDERAL DE LA SEGURIDAD SOCIAL 9 - SECRETARIA Nº 1,TRA,11,P,REAJUSTES VARIOS,202004,1,11 - REAJUSTES VARIOS
JUZGADO FEDERAL DE LA SEGURIDAD SOCIAL 9-JUZGADO FEDERAL DE LA SEGURIDAD SOCIAL 9 - SECRETARIA Nº 1,WF6,ARH,I,ACUERDO TRANSACCIONAL,202004,7,ARH - ACUERDO TRANSACCIONAL (INDICENTE)
JUZGADO FEDERAL DE LA SEGURIDAD SOCIAL 9-JUZGADO FEDERAL DE LA SEGURIDAD SOCIAL 9 - SECRETARIA Nº 1,WF6,ARH,P,ACUERDO TRANSACCIONAL,202004,2,ARH - ACUERDO TRANSACCIONAL
JUZGADO FEDERAL DE LA SEGURIDAD SOCIAL 9-JUZGADO FEDERAL DE LA SEGURIDAD SOCIAL 9 - SECRETARIA Nº 1,WF6,11,P,REAJUSTES VARIOS,202004,4,11 - REAJUSTES VARIOS
JUZGADO FEDERAL DE LA SEGURIDAD SOCIAL 9-JUZGADO FEDERAL DE LA SEGURIDAD SOCIAL 9 - SECRETARIA Nº 2,DEX,16,P,EJECUCION FISCAL,202004,80,16 - EJECUCION FISCAL
JUZGADO FEDERAL DE LA SEGURIDAD SOCIAL 9-JUZGADO FEDERAL DE LA SEGURIDAD SOCIAL 9 - SECRETARIA Nº 2,DEX,16A,P,EJECUCION FISCAL MINISTERIO DE TRABAJO,202004,12,16A - EJECUCION FISCAL MINISTERIO DE TRABAJO
JUZGADO FEDERAL DE LA SEGURIDAD SOCIAL 9-JUZGADO FEDERAL DE LA SEGURIDAD SOCIAL 9 - SECRETARIA Nº 2,DEX,19,P,COBRO DE APORTES O CONTRIBUCIONES,202004,1,19 - COBRO DE APORTES O CONTRIBUCIONES
JUZGADO FEDERAL DE LA SEGURIDAD SOCIAL 9-JUZGADO FEDERAL DE LA SEGURIDAD SOCIAL 9 - SECRETARIA Nº 2,DEX,19A,P,EJECUCION LEY 23660,202004,20,19A - EJECUCION LEY 23660
JUZGADO FEDERAL DE LA SEGURIDAD SOCIAL 9-JUZGADO FEDERAL DE LA SEGURIDAD SOCIAL 9 - SECRETARIA Nº 2,DEX,19D,P,EJECUCION LEY 22804 Y CONCORDANTES,202004,1,19D - EJECUCION LEY 22804 Y CONCORDANTES
JUZGADO FEDERAL DE LA SEGURIDAD SOCIAL 9-JUZGADO FEDERAL DE LA SEGURIDAD SOCIAL 9 - SECRETARIA Nº 2,DEX,20,P,EJECUCION FISCAL - MEDIDA CAUTELAR,202004,1,20 - EJECUCION FISCAL - MEDIDA CAUTELAR
JUZGADO FEDERAL DE LA SEGURIDAD SOCIAL 9-JUZGADO FEDERAL DE LA SEGURIDAD SOCIAL 9 - SECRETARIA Nº 2,LET,16,P,EJECUCION FISCAL,202004,1,16 - EJECUCION FISCAL
JUZGADO FEDERAL DE LA SEGURIDAD SOCIAL 9-JUZGADO FEDERAL DE LA SEGURIDAD SOCIAL 9 - SECRETARIA Nº 2,LET,16A,P,EJECUCION FISCAL MINISTERIO DE TRABAJO,202004,1,16A - EJECUCION FISCAL MINISTERIO DE TRABAJO
JUZGADO FEDERAL DE LA SEGURIDAD SOCIAL 9-JUZGADO FEDERAL DE LA SEGURIDAD SOCIAL 9 - SECRETARIA Nº 2,LET,19D,P,EJECUCION LEY 22804 Y CONCORDANTES,202004,1,19D - EJECUCION LEY 22804 Y CONCORDANTES